{
    "report_timestamp_utc": "2025-05-06T03:53:57.401131",
    "trading_symbol": "SOL/USDT",
    "exchange": "bybit",
    "timeframe": "1h",
    "anomaly_detected": false,
    "anomaly_score": -5.75,
    "threshold_used": 7.0,
    "contributing_factors": {
        "Technical": {
            "score": -0.5,
            "factors": [
                "MACD Hist Neg (-0.1024)"
            ]
        },
        "Pattern": {
            "score": 0.0,
            "factors": [
                "Skipped (Result missing/invalid)"
            ]
        },
        "OnChain": {
            "score": -1.5,
            "factors": [
                "Sentiment: Bearish",
                "Notable Net Outflow ($-263,634)",
                "Normal Whale Txs (0)"
            ]
        },
        "Volatility": {
            "score": 0.0,
            "factors": [
                "Normal recent volatility."
            ]
        }
    },
    "data_summary": {
        "latest_technical_timestamp": "2025-05-06T03:00:00",
        "onchain_analysis": {
            "status": "Analyzed",
            "sentiment": "Bearish",
            "net_flow_usd": "-263,634.01",
            "whale_txs": "0"
        },
        "pattern_analysis_summary": {
            "status": "Analyzed",
            "overall_sentiment": "Neutral",
            "latest_patterns_list": [
                "Spinning Top"
            ]
        }
    },
    "full_pattern_analysis_results": {
        "symbol": "Unknown",
        "latest_patterns": [
            "Spinning Top"
        ],
        "sentiment": "Neutral",
        "bullish_signals": 0,
        "bearish_signals": 0,
        "total_patterns_checked": 27,
        "last_timestamp": "2025-05-06T03:00:00"
    }
}