{
    "report_timestamp_utc": "2025-05-31T22:18:13.069065+00:00",
    "trading_symbol": "SOL/USDT",
    "exchange": "bybit",
    "timeframe": "1h",
    "anomaly_detected": false,
    "anomaly_score": 4.25,
    "threshold_used": 7.0,
    "contributing_factors": {
        "Technical": {
            "score": 0.5,
            "factors": [
                "MACD Hist Pos (0.6805)"
            ]
        },
        "Pattern": {
            "score": 1.5,
            "factors": [
                "Overall Sentiment: Bullish",
                "Latest Patterns: Tweezer Top"
            ]
        },
        "OnChain": {
            "score": 0.0,
            "factors": [
                "Skipped (Unintegrated)"
            ]
        },
        "Volatility": {
            "score": 0.0,
            "factors": [
                "Normal recent volatility."
            ]
        }
    },
    "data_summary": {
        "latest_technical_timestamp": "2025-05-31T22:00:00",
        "onchain_analysis": {
            "status": "Unintegrated",
            "sentiment": "N/A",
            "net_flow_usd": "N/A",
            "whale_txs": "N/A"
        },
        "pattern_analysis_summary": {
            "status": "Analyzed",
            "overall_sentiment": "Bullish",
            "latest_patterns_list": [
                "Tweezer Top"
            ]
        }
    },
    "full_pattern_analysis_results": {
        "symbol": "Unknown",
        "latest_patterns": [
            "Tweezer Top"
        ],
        "sentiment": "Bullish",
        "bullish_signals": 3,
        "bearish_signals": 1,
        "total_patterns_checked": 27,
        "last_timestamp": "2025-05-31T22:00:00"
    }
}