{
    "report_timestamp_utc": "2025-05-04T20:39:34.415166",
    "trading_symbol": "SOL/USDT",
    "exchange": "binance",
    "timeframe": "1h",
    "anomaly_detected": false,
    "anomaly_score": 3.25,
    "contributing_factors": {
        "Technical": "Score: 0.5. Factors: MACD Hist Pos",
        "Pattern": "Score: 1.0. Factors: Tweezer Bottom (Bull)",
        "OnChain": "Score: 0.0. Factors: Skipped (No trade data available from exchanges.)"
    },
    "data_summary": {
        "latest_technical_timestamp": "2025-05-04T20:00:00",
        "onchain_analysis_status": "Error: No trade data available from exchanges.",
        "onchain_sentiment": "N/A",
        "onchain_net_flow_usd": "N/A",
        "onchain_whale_txs": "N/A"
    }
}