{
    "report_timestamp_utc": "2025-05-04T20:47:47.223208",
    "trading_symbol": "SOL/USDT",
    "exchange": "binance",
    "timeframe": "1h",
    "anomaly_detected": false,
    "anomaly_score": 1.75,
    "contributing_factors": {
        "Technical": "Score: 0.5. Factors: MACD Hist Pos",
        "Pattern": "Score: 1.0. Factors: Tweezer Bottom (Bull)",
        "OnChain": "Score: -0.5. Factors: Sent: Neutral"
    },
    "data_summary": {
        "latest_technical_timestamp": "2025-05-04T20:00:00",
        "onchain_analysis_status": "Analyzed",
        "onchain_sentiment": "Neutral",
        "onchain_net_flow_usd": "-35,586.47",
        "onchain_whale_txs": 0
    }
}