{
  "snapshot_timestamp_utc": "2025-05-30T15:42:00.625483",
  "symbol": "BTC",
  "average_social_sentiment_score": 0.1286,
  "fear_greed_index": {
    "value": 60,
    "classification": "Greed",
    "timestamp_unix": 1748563200,
    "datetime": "2025-05-30T00:00:00"
  },
  "dxy_strength_score": 27.46,
  "macro_economic_news": [
    {
      "title": "The onus is on Russia and Putin to show they are serious about peace: UK statement at the UN Security Council",
      "url": "https://www.gov.uk/government/announcements",
      "country": "UK",
      "source": "global_government",
      "scraped_at": "2025-05-30T15:41:15.095720",
      "sentiment": -1.0
    },
    {
      "title": "How to submit applications and complaints to the CAC",
      "url": "https://www.gov.uk/government/announcements",
      "country": "UK",
      "source": "global_government",
      "scraped_at": "2025-05-30T15:41:15.095823",
      "sentiment": 0.0
    },
    {
      "title": "Insolvency Service publishes new Individual Voluntary Arrangement protocol to help protect people in debt",
      "url": "https://www.gov.uk/government/announcements",
      "country": "UK",
      "source": "global_government",
      "scraped_at": "2025-05-30T15:41:15.095876",
      "sentiment": 0.0
    },
    {
      "title": "Richard Hughes nominated for reappointment as Chair of the Office for Budget Responsibility",
      "url": "https://www.gov.uk/government/announcements",
      "country": "UK",
      "source": "global_government",
      "scraped_at": "2025-05-30T15:41:15.095926",
      "sentiment": 0.0
    },
    {
      "title": "New police dog facility opens to boost real-world readiness",
      "url": "https://www.gov.uk/government/announcements",
      "country": "UK",
      "source": "global_government",
      "scraped_at": "2025-05-30T15:41:15.095977",
      "sentiment": 1.0
    },
    {
      "title": "Sir Loyd Grossman’s (CBE) term as The Royal Parks Chair extended for 9 months",
      "url": "https://www.gov.uk/government/announcements",
      "country": "UK",
      "source": "global_government",
      "scraped_at": "2025-05-30T15:41:15.096027",
      "sentiment": 0.0
    },
    {
      "title": "James Bamberg is appointed to the ACNRA Board",
      "url": "https://www.gov.uk/government/announcements",
      "country": "UK",
      "source": "global_government",
      "scraped_at": "2025-05-30T15:41:15.096077",
      "sentiment": 0.0
    },
    {
      "title": "TRA proposes countervailing measure on PET from India be kept",
      "url": "https://www.gov.uk/government/announcements",
      "country": "UK",
      "source": "global_government",
      "scraped_at": "2025-05-30T15:41:15.096126",
      "sentiment": 0.0
    },
    {
      "title": "Block Grant for Scottish Government hits £50 billion",
      "url": "https://www.gov.uk/government/announcements",
      "country": "UK",
      "source": "global_government",
      "scraped_at": "2025-05-30T15:41:15.096175",
      "sentiment": 0.0
    },
    {
      "title": "Interest rate reductions on the Court Funds Office special and basic accounts: 30 May 2025",
      "url": "https://www.gov.uk/government/announcements",
      "country": "UK",
      "source": "global_government",
      "scraped_at": "2025-05-30T15:41:15.096226",
      "sentiment": 1.0
    },
    {
      "topic": "global economy",
      "title": "Global economy, world economy | TheGlobalEconomy.com",
      "url": "https://www.theglobaleconomy.com/",
      "snippet": "Information on the global economy with data on over 400 indicators, updated regularly, for over 200 countries as well as interactive tools, articles, ...",
      "source": "serpapi_macro",
      "timestamp": "2025-05-30T15:41:17.299273",
      "sentiment": 0.0
    },
    {
      "topic": "global economy",
      "title": "World economy",
      "url": "https://en.wikipedia.org/wiki/World_economy",
      "snippet": "The world economy or global economy is the economy of all humans in the world, referring to the global economic system.",
      "source": "serpapi_macro",
      "timestamp": "2025-05-30T15:41:17.299469",
      "sentiment": 0.0
    },
    {
      "topic": "global economy",
      "title": "2025 Midyear Economic Outlook: A Widespread Deceleration",
      "url": "https://www.morganstanley.com/insights/articles/economic-outlook-midyear-2025",
      "snippet": "Morgan Stanley Research forecasts the global economy will expand at an annual rate of 2.9% in 2025 (2.5% 4Q/4Q) and 2.8% in 2026, down from 3.3% ...",
      "source": "serpapi_macro",
      "timestamp": "2025-05-30T15:41:17.299659",
      "sentiment": 0.0
    },
    {
      "topic": "global economy",
      "title": "Global Economy",
      "url": "https://www.ft.com/global-economy",
      "snippet": "News and top stories on the state of the global economy. The latest economic data, reports and updates from countries around the world, on jobs, trade, ...",
      "source": "serpapi_macro",
      "timestamp": "2025-05-30T15:41:17.299765",
      "sentiment": 1.0
    },
    {
      "topic": "global economy",
      "title": "How does the global economy work?",
      "url": "https://www.edology.com/blog/accounting-finance/how-does-global-economy-work",
      "snippet": "The global economy refers to the interconnected worldwide economic activities that take place between multiple countries. These economic activities can have ...",
      "source": "serpapi_macro",
      "timestamp": "2025-05-30T15:41:17.299868",
      "sentiment": 0.0
    },
    {
      "topic": "global economy",
      "title": "The Global Economy Enters a New Era",
      "url": "https://www.imf.org/en/Blogs/Articles/2025/04/22/the-global-economy-enters-a-new-era",
      "snippet": "Risks to the global economy have increased, and worsening trade tensions could further depress growth. Financial conditions could tighten ...",
      "source": "serpapi_macro",
      "timestamp": "2025-05-30T15:41:17.299970",
      "sentiment": 0.0
    },
    {
      "topic": "global economy",
      "title": "Analysis-Global economy's 'sugar rush' defies trade drama",
      "url": "https://finance.yahoo.com/news/analysis-global-economys-sugar-rush-132327669.html",
      "snippet": "Investment banks and institutions generally expect the United States to avoid a recession this year and the global economy to keep growing. The ...",
      "source": "serpapi_macro",
      "timestamp": "2025-05-30T15:41:17.300068",
      "sentiment": 0.0
    },
    {
      "topic": "global economy",
      "title": "The World Economic Forum",
      "url": "https://www.weforum.org/",
      "snippet": "Our mission: We bring together government, businesses and civil society to improve the state of the world.",
      "source": "serpapi_macro",
      "timestamp": "2025-05-30T15:41:17.300165",
      "sentiment": 0.0
    },
    {
      "topic": "geopolitical tensions",
      "title": "Top Geopolitical Risks of 2025",
      "url": "https://www.spglobal.com/en/research-insights/market-insights/geopolitical-risk",
      "snippet": "The world is changing. Geopolitical fragmentation is being fueled by COVID-19, the war in Ukraine, U.S.-China relations and more.",
      "source": "serpapi_macro",
      "timestamp": "2025-05-30T15:41:21.552059",
      "sentiment": -1.0
    },
    {
      "topic": "geopolitical tensions",
      "title": "How are geopolitical risks affecting the world economy?",
      "url": "https://www.economicsobservatory.com/how-are-geopolitical-risks-affecting-the-world-economy",
      "snippet": "Geopolitical risks posed by elections, polarisation and conflicts within and between states have inevitable knock-on effects on the economy, both globally and ...",
      "source": "serpapi_macro",
      "timestamp": "2025-05-30T15:41:21.552227",
      "sentiment": 0.0
    },
    {
      "topic": "geopolitical tensions",
      "title": "How Geopolitical Risks Influence the Global Community",
      "url": "https://geopoliticalfutures.com/risk/",
      "snippet": "Geopolitical risks are defined as the potential political, economic, military, and social risks that can emerge from a nation's involvement in international ...",
      "source": "serpapi_macro",
      "timestamp": "2025-05-30T15:41:21.552324",
      "sentiment": 0.0
    },
    {
      "topic": "geopolitical tensions",
      "title": "Geopolitical Risk Dashboard | BlackRock Investment Institute",
      "url": "https://www.blackrock.com/corporate/insights/blackrock-investment-institute/interactive-charts/geopolitical-risk-dashboard",
      "snippet": "The global BlackRock Geopolitical Risk Indicator (BGRI) aims to capture overall market attention to geopolitical risks, as the line chart shows.",
      "source": "serpapi_macro",
      "timestamp": "2025-05-30T15:41:21.552422",
      "sentiment": 0.0
    },
    {
      "topic": "geopolitical tensions",
      "title": "Geopolitical tensions - (AP World History: Modern)",
      "url": "https://library.fiveable.me/key-terms/ap-world/geopolitical-tensions",
      "snippet": "Geopolitical tensions refer to conflicts and rivalries between nations or regions that arise from their geographical, political, and economic interests.",
      "source": "serpapi_macro",
      "timestamp": "2025-05-30T15:41:21.552517",
      "sentiment": 0.0
    },
    {
      "topic": "geopolitical tensions",
      "title": "Top geopolitical risks 2025",
      "url": "https://kpmg.com/xx/en/our-insights/risk-and-regulation/top-risks-forecast-2025.html",
      "snippet": "This report provides a comprehensive analysis of the five most pressing geopolitical challenges that organizations will face in the near term.",
      "source": "serpapi_macro",
      "timestamp": "2025-05-30T15:41:21.552612",
      "sentiment": 1.0
    },
    {
      "topic": "geopolitical tensions",
      "title": "Beyond borders: Assessing the influence of Geopolitical ...",
      "url": "https://www.sciencedirect.com/science/article/pii/S0176268024000521",
      "snippet": "We find that geopolitical tensions and global uncertainty in border countries contribute to the rise of European country's sovereign risk.",
      "source": "serpapi_macro",
      "timestamp": "2025-05-30T15:41:21.552707",
      "sentiment": 0.0
    },
    {
      "topic": "geopolitical tensions",
      "title": "Geopolitical conflict and its impact on global markets",
      "url": "https://www.usbank.com/investing/financial-perspectives/market-news/russia-ukraine-global-market.html",
      "snippet": "Increasing global tensions tied to trade tensions and ongoing geopolitical conflicts contributed to investor uncertainty about near-term ...",
      "source": "serpapi_macro",
      "timestamp": "2025-05-30T15:41:21.552801",
      "sentiment": 0.0
    },
    {
      "topic": "crypto adoption",
      "title": "2024 Global Crypto Adoption Index",
      "url": "https://www.chainalysis.com/blog/2024-global-crypto-adoption-index/",
      "snippet": "In each year's report, we look at both on- and off-chain data to determine which countries are leading the world in grassroots crypto adoption.",
      "source": "serpapi_macro",
      "timestamp": "2025-05-30T15:41:24.134535",
      "sentiment": 0.0
    },
    {
      "topic": "crypto adoption",
      "title": "Cryptocurrency Ownership Data - Triple-A",
      "url": "https://www.triple-a.io/cryptocurrency-ownership-data",
      "snippet": "As of 2024, we estimated global cryptocurrency ownership rates at an average of 6.8%, with over 560 million cryptocurrencies users worldwide.",
      "source": "serpapi_macro",
      "timestamp": "2025-05-30T15:41:24.134687",
      "sentiment": 0.0
    },
    {
      "topic": "crypto adoption",
      "title": "Crypto users worldwide 2016-2025",
      "url": "https://www.statista.com/statistics/1202503/global-cryptocurrency-user-base/",
      "snippet": "The global user base of cryptocurrencies increased by nearly 190 percent between 2018 and 2020, only to accelerate further in 2022.",
      "source": "serpapi_macro",
      "timestamp": "2025-05-30T15:41:24.134784",
      "sentiment": -1.0
    },
    {
      "topic": "crypto adoption",
      "title": "2025 Cryptocurrency Adoption and Consumer Sentiment ...",
      "url": "https://www.security.org/digital-security/cryptocurrency-annual-consumer-report/",
      "snippet": "Ownership rates are likely to accelerate this year. According to our research, 14 percent of non-owners plan to enter the crypto market in 2025, ...",
      "source": "serpapi_macro",
      "timestamp": "2025-05-30T15:41:24.134880",
      "sentiment": 0.0
    },
    {
      "topic": "crypto adoption",
      "title": "Kazakhstan to launch crypto pilot zone for payments and ...",
      "url": "https://cointelegraph.com/news/kazakhstan-pilots-cryptocity-crypto-payments-adoption",
      "snippet": "President Kassym-Jomart Tokayev announced plans to build “CryptoCity,” aiming to establish a regulatory sandbox for digital assets.",
      "source": "serpapi_macro",
      "timestamp": "2025-05-30T15:41:24.134975",
      "sentiment": 0.0
    },
    {
      "topic": "crypto adoption",
      "title": "2024 Crypto Adoption and Illicit Exposure Report",
      "url": "https://www.trmlabs.com/resources/reports/2024-crypto-adoption-and-illicit-activity-report",
      "snippet": "The 2024 Crypto Adoption and Illicit Exposure Report report examines the shifts and trends shaping cryptocurrency adoption around the world.",
      "source": "serpapi_macro",
      "timestamp": "2025-05-30T15:41:24.135070",
      "sentiment": 0.0
    },
    {
      "topic": "crypto adoption",
      "title": "Crypto Adoption Index | Crypto Wealth Report",
      "url": "https://www.henleyglobal.com/publications/crypto-wealth-report/crypto-adoption-index",
      "snippet": "The Crypto Adoption Index assesses investment migration options for crypto investors who want to craft a portfolio of alternative residence permits and ...",
      "source": "serpapi_macro",
      "timestamp": "2025-05-30T15:41:24.135165",
      "sentiment": 0.0
    },
    {
      "topic": "crypto adoption",
      "title": "The 2023 Global Crypto Adoption Index",
      "url": "https://www.chainalysis.com/blog/2023-global-crypto-adoption-index/",
      "snippet": "The goal of the index is simple: We combine on-chain data and real-world data to measure which countries are leading the world in grassroots crypto adoption.",
      "source": "serpapi_macro",
      "timestamp": "2025-05-30T15:41:24.135258",
      "sentiment": 0.0
    },
    {
      "topic": "crypto adoption",
      "title": "What Everyone Gets Wrong About Crypto Adoption",
      "url": "https://www.forbes.com/sites/digital-assets/2025/05/01/what-everyone-gets-wrong-about-crypto-adoption/",
      "snippet": "What Everyone Gets Wrong About Crypto Adoption · 1. Build Real Utility—Then Sweeten It with Tokens · 2. Navigating Crypto's Infrastructure Flip.",
      "source": "serpapi_macro",
      "timestamp": "2025-05-30T15:41:24.135353",
      "sentiment": -1.0
    },
    {
      "topic": "crypto ban",
      "title": "Legality of cryptocurrency by country or territory",
      "url": "https://en.wikipedia.org/wiki/Legality_of_cryptocurrency_by_country_or_territory",
      "snippet": "Afghanistan. Illegal. In August 2022 Taliban banned trading in cryptocurrencies. · Kyrgyzstan. Legal. Bitcoin is considered a commodity, not a security or ...",
      "source": "serpapi_macro",
      "timestamp": "2025-05-30T15:41:26.589421",
      "sentiment": -1.0
    },
    {
      "topic": "crypto ban",
      "title": "Crypto policy in disarray as SBP, ministry insist ban is still ...",
      "url": "https://www.dawn.com/news/1914192",
      "snippet": "SBP exec says crypto transactions illegal, cases still being referred to law enforcement.",
      "source": "serpapi_macro",
      "timestamp": "2025-05-30T15:41:26.589565",
      "sentiment": -1.0
    },
    {
      "topic": "crypto ban",
      "title": "Crypto Tracing, China's Crypto Ban, and Potential Global ...",
      "url": "https://www.thinkbrg.com/thinkset/ts-crypto-tracing-china-crypto-ban-global-regulation/",
      "snippet": "China has taken a particularly tough stance, banning cryptocurrency exchanges and ICOs in 2017. However, some reports suggest that the country is now exploring ...",
      "source": "serpapi_macro",
      "timestamp": "2025-05-30T15:41:26.589662",
      "sentiment": -1.0
    },
    {
      "topic": "crypto ban",
      "title": "Islamabad's big blunder? Pakistan announces Strategic ...",
      "url": "https://www.moneycontrol.com/world/islamabad-s-big-blunder-pakistan-announces-strategic-bitcoin-reserve-despite-crypto-ban-at-home-article-13069327.html",
      "snippet": "Pakistan announces Strategic Bitcoin Reserve despite crypto ban at home. Just a day after a high-profile announcement about establishing a ...",
      "source": "serpapi_macro",
      "timestamp": "2025-05-30T15:41:26.589758",
      "sentiment": 0.0
    },
    {
      "topic": "crypto ban",
      "title": "10 Countries Where Crypto Remains Banned in 2025",
      "url": "https://www.ccn.com/education/crypto/10-countries-where-crypto-remains-banned/",
      "snippet": "10 Countries Where Crypto Remains Banned in 2025 · 1. China · 2. Egypt · 3. Algeria · 4. Bangladesh · 5. Nepal · 6. Afghanistan · 7. Morocco · 8 ...",
      "source": "serpapi_macro",
      "timestamp": "2025-05-30T15:41:26.589853",
      "sentiment": 0.0
    },
    {
      "topic": "crypto ban",
      "title": "Why China had to “Ban” Cryptocurrency but the U.S. did not",
      "url": "https://openscholarship.wustl.edu/law_globalstudies/vol18/iss2/9/",
      "snippet": "While China explicitly banned any exchange or financing activities between fiat money and “coin substitution” in 2017, the US has placed cryptocurrencies ...",
      "source": "serpapi_macro",
      "timestamp": "2025-05-30T15:41:26.589947",
      "sentiment": 0.0
    },
    {
      "topic": "crypto ban",
      "title": "Crypto Ban",
      "url": "https://www.coindesk.com/tag/crypto-ban",
      "snippet": "Russia's central bank said in a report released Thursday the country must make crypto trading, mining, and usage illegal. CoinDesk reporter Anna Baydakova ...",
      "source": "serpapi_macro",
      "timestamp": "2025-05-30T15:41:26.590041",
      "sentiment": -1.0
    },
    {
      "topic": "crypto regulation",
      "title": "Cryptocurrency Regulation: A Guide to U.S. & Global Policies",
      "url": "https://www.britannica.com/money/cryptocurrency-regulation",
      "snippet": "Regulations for crypto are the legal and procedural frameworks that governments enact to shape many different aspects of digital assets.",
      "source": "serpapi_macro",
      "timestamp": "2025-05-30T15:41:31.068908",
      "sentiment": 1.0
    },
    {
      "topic": "crypto regulation",
      "title": "U.S. Lawmakers Introduce CLARITY Act to Define Crypto ...",
      "url": "https://www.fintechweekly.com/magazine/articles/us-lawmakers-introduce-clarity-act-digital-asset-regulation",
      "snippet": "The bipartisan CLARITY Act aims to establish the first comprehensive regulatory framework for digital assets in the U.S., addressing crypto ...",
      "source": "serpapi_macro",
      "timestamp": "2025-05-30T15:41:31.069056",
      "sentiment": 1.0
    },
    {
      "topic": "crypto regulation",
      "title": "Crypto Task Force",
      "url": "https://www.sec.gov/about/crypto-task-force",
      "snippet": "The Crypto Task Force seeks to provide clarity on the application of the federal securities laws to the crypto asset market and to recommend practical policy ...",
      "source": "serpapi_macro",
      "timestamp": "2025-05-30T15:41:31.069153",
      "sentiment": 0.0
    },
    {
      "topic": "crypto regulation",
      "title": "Regulating crypto: Why, how, and who | ...",
      "url": "https://www.brookings.edu/collection/regulating-crypto-why-how-and-who/",
      "snippet": "Paridon argued that digital currency players should be subject to bank-like regulation. Smith said the industry favors “appropriate regulation,” but argued ...",
      "source": "serpapi_macro",
      "timestamp": "2025-05-30T15:41:31.069248",
      "sentiment": -1.0
    },
    {
      "topic": "crypto regulation",
      "title": "SEC crypto staking guidance 'major step forward' for US",
      "url": "https://cointelegraph.com/news/sec-crypto-staking-guidance-win-crypto-regulations",
      "snippet": "The SEC's new staking guidelines are a big win for crypto regulatory clarity, potentially paving the way for staked Ether ETF approval ...",
      "source": "serpapi_macro",
      "timestamp": "2025-05-30T15:41:31.069344",
      "sentiment": 1.0
    },
    {
      "topic": "crypto regulation",
      "title": "SEC Chair Testifies That Digital Asset Regulation Is a Key ...",
      "url": "https://www.paulhastings.com/insights/crypto-policy-tracker/sec-chair-testifies-that-digital-asset-regulation-is-a-key-priority-congress-advances-financial-reform-bills-and-the-cftc-signals-progress",
      "snippet": "Recent legislative activity continued to shape the trajectory of U.S. crypto policy, even as Congress is out of session this week.",
      "source": "serpapi_macro",
      "timestamp": "2025-05-30T15:41:31.069440",
      "sentiment": 0.0
    },
    {
      "topic": "crypto regulation",
      "title": "Crypto Regulations in the US—A Complete Guide (2025)",
      "url": "https://sumsub.com/blog/crypto-regulations-in-the-us-a-complete-guide/",
      "snippet": "Learn how the current legislative crypto framework functions in the US and how it may change in the future in this article.",
      "source": "serpapi_macro",
      "timestamp": "2025-05-30T15:41:31.069534",
      "sentiment": 0.0
    },
    {
      "topic": "SEC ruling crypto",
      "title": "Crypto Assets",
      "url": "https://www.sec.gov/securities-topics/crypto-assets",
      "snippet": "The SEC also announced charges against GTV and Saraca for conducting an illegal unregistered offering of a digital asset security referred to as either G-Coins ...",
      "source": "serpapi_macro",
      "timestamp": "2025-05-30T15:41:39.903278",
      "sentiment": -1.0
    },
    {
      "topic": "SEC ruling crypto",
      "title": "S.E.C. Drops Lawsuit Against Binance, a Crypto Exchange",
      "url": "https://www.nytimes.com/2025/05/29/business/sec-binance-lawsuit-dropped.html",
      "snippet": "The commission, the nation's top securities regulator, has moved to dismiss more than a dozen lawsuits or investigations against crypto firms.",
      "source": "serpapi_macro",
      "timestamp": "2025-05-30T15:41:39.903489",
      "sentiment": 1.0
    },
    {
      "topic": "SEC ruling crypto",
      "title": "Crypto Task Force",
      "url": "https://www.sec.gov/about/crypto-task-force",
      "snippet": "The Crypto Task Force seeks to provide clarity on the application of the federal securities laws to the crypto asset market and to recommend practical policy ...",
      "source": "serpapi_macro",
      "timestamp": "2025-05-30T15:41:39.903697",
      "sentiment": 0.0
    },
    {
      "topic": "SEC ruling crypto",
      "title": "SEC drops Binance lawsuit, ending one of last remaining ...",
      "url": "https://www.cnbc.com/2025/05/29/sec-drops-binance-lawsuit-ending-one-of-last-remaining-crypto-actions.html",
      "snippet": "The SEC has formally dropped its lawsuit against Binance and founder Changpeng Zhao, bringing an end to one of the last remaining crypto ...",
      "source": "serpapi_macro",
      "timestamp": "2025-05-30T15:41:39.903823",
      "sentiment": 0.0
    },
    {
      "topic": "SEC ruling crypto",
      "title": "Statement on Certain Protocol Staking Activities",
      "url": "https://www.sec.gov/newsroom/speeches-statements/statement-certain-protocol-staking-activities-052925",
      "snippet": "While staked, Covered Crypto Assets are “locked-up” and cannot be transferred for a period of time under the terms of the applicable protocol.[6] ...",
      "source": "serpapi_macro",
      "timestamp": "2025-05-30T15:41:39.903930",
      "sentiment": 0.0
    },
    {
      "topic": "SEC ruling crypto",
      "title": "SEC Says Crypto Staking Not Subject to Securities Laws",
      "url": "https://decrypt.co/322934/sec-says-crypto-staking-not-subject-to-securities-laws",
      "snippet": "The SEC said Thursday certain staking practices are not classified as securities transactions, ending years of uncertainty.",
      "source": "serpapi_macro",
      "timestamp": "2025-05-30T15:41:39.904035",
      "sentiment": 0.0
    },
    {
      "topic": "SEC ruling crypto",
      "title": "Frequently Asked Questions Relating to Crypto Asset ...",
      "url": "https://www.sec.gov/rules-regulations/staff-guidance/trading-markets-frequently-asked-questions/frequently-asked-questions-relating-crypto-asset-activities-distributed-ledger-technology",
      "snippet": "The Staff will not object if a broker-dealer treats a proprietary position in bitcoin or ether as being readily marketable for purposes of ...",
      "source": "serpapi_macro",
      "timestamp": "2025-05-30T15:41:39.904135",
      "sentiment": 0.0
    },
    {
      "topic": "SEC ruling crypto",
      "title": "SEC Paves the Way for Crypto Asset Activities by Broker ...",
      "url": "https://www.sidley.com/en/insights/newsupdates/2025/05/sec-paves-the-way-for-crypto-asset-activities-by-broker-dealers-and-transfer-agents",
      "snippet": "For crypto assets that are securities, the FAQs state that broker-dealers may establish control in accordance with paragraph (c) of Rule 15c3-3 ...",
      "source": "serpapi_macro",
      "timestamp": "2025-05-30T15:41:39.904235",
      "sentiment": 0.0
    },
    {
      "topic": "court decision cryptocurrency",
      "title": "Crypto in the Courts: Five Cases Reshaping Digital Asset ...",
      "url": "https://katten.com/crypto-in-the-courts-five-cases-reshaping-digital-asset-regulation-in-2025",
      "snippet": "This article examines five cases that may define the future of digital asset regulation in the United States and sets out the issues at stake in those cases.",
      "source": "serpapi_macro",
      "timestamp": "2025-05-30T15:41:43.430978",
      "sentiment": 0.0
    },
    {
      "topic": "court decision cryptocurrency",
      "title": "SEC Agrees to Drop Lawsuit Against Binance and Founder ...",
      "url": "https://decrypt.co/322848/sec-agrees-drop-lawsuit-binance-cz",
      "snippet": "The SEC is pulling out of yet another crypto case, filing to dismiss its ongoing litigation against Binance and founder Changpeng Zhao.",
      "source": "serpapi_macro",
      "timestamp": "2025-05-30T15:41:43.431110",
      "sentiment": 0.0
    },
    {
      "topic": "court decision cryptocurrency",
      "title": "Suspect due in court in Crypto torture case in Lower ...",
      "url": "https://abc7ny.com/post/suspect-william-duplessie-due-court-crypto-torture-case-lower-manhattan/16596538/",
      "snippet": "They're accused of beating the victim, plying him with drugs and more demanding access to his crypto passwords. Also under investigation are two ...",
      "source": "serpapi_macro",
      "timestamp": "2025-05-30T15:41:43.431190",
      "sentiment": -1.0
    },
    {
      "topic": "court decision cryptocurrency",
      "title": "Cryptocurrency, Sweepstakes, and the Supreme Court",
      "url": "https://www.consumerfinancialserviceslawmonitor.com/2024/05/cryptocurrency-sweepstakes-and-the-supreme-court-a-tale-of-two-contracts/",
      "snippet": "The decision teaches a cautionary lesson that parties with multiple contracts between them must keep issues of arbitrability consistent between the contracts.",
      "source": "serpapi_macro",
      "timestamp": "2025-05-30T15:41:43.431270",
      "sentiment": 1.0
    },
    {
      "topic": "court decision cryptocurrency",
      "title": "Third Circuit Coinbase Decision Pressures SEC on Crypto ...",
      "url": "https://www.ropesgray.com/en/insights/alerts/2025/01/third-circuit-coinbase-decision-pressures-sec-on-crypto-rulemaking",
      "snippet": "The Court agreed with Coinbase that the SEC's explanation was insufficient and remanded the issue back to the SEC for a more comprehensive ...",
      "source": "serpapi_macro",
      "timestamp": "2025-05-30T15:41:43.431350",
      "sentiment": 1.0
    },
    {
      "topic": "court decision cryptocurrency",
      "title": "Court Publishes Decision on Mandatory Arbitration Provisions ...",
      "url": "https://consumerlaw.berkeley.edu/news/court-publishes-decision-mandatory-arbitration-provisions-crypto-industry-and-beyond",
      "snippet": "The opinion establishes a clear blueprint for how to successfully bring claims against abusive cryptocurrency companies for violating consumer ...",
      "source": "serpapi_macro",
      "timestamp": "2025-05-30T15:41:43.431434",
      "sentiment": -1.0
    },
    {
      "topic": "court decision cryptocurrency",
      "title": "Crypto's court docket in 2025 is packed with big cases",
      "url": "https://www.dlnews.com/articles/regulation/crypto-court-docket-in-2025-is-packed-with-big-cases/",
      "snippet": "Some of the most important court cases facing crypto developers and companies have come from other agencies such as the US Justice Department.",
      "source": "serpapi_macro",
      "timestamp": "2025-05-30T15:41:43.431570",
      "sentiment": 1.0
    },
    {
      "topic": "gold price",
      "title": "Gold Price Charts & Historical Data - GoldPrice.org",
      "url": "https://goldprice.org/",
      "snippet": "GOLDPRICE.ORG - The No. 1 gold price site for fast loading live gold price charts in ounces, grams and kilos in every national currency in the world.",
      "source": "serpapi_macro",
      "timestamp": "2025-05-30T15:41:48.727625",
      "sentiment": -1.0
    },
    {
      "topic": "gold price",
      "title": "Price of Gold Per Ounce | 24 Hour Spot Chart",
      "url": "https://www.kitco.com/charts/gold",
      "snippet": "Live Gold Charts and Gold Spot Price from International Gold Markets, Prices from New York, London, Hong Kong and Sydney provided by Kitco.",
      "source": "serpapi_macro",
      "timestamp": "2025-05-30T15:41:48.728264",
      "sentiment": 0.0
    },
    {
      "topic": "gold price",
      "title": "Live Gold Spot Price Chart",
      "url": "https://www.bullionvault.com/gold-price-chart.do",
      "snippet": "Currently, the US dollar spot price for 1 ounce of gold is $3,304.87 and in Canadian dollars C$4,559.12. However, it's possible to track the real-time changing ...",
      "source": "serpapi_macro",
      "timestamp": "2025-05-30T15:41:48.728374",
      "sentiment": 0.0
    },
    {
      "topic": "gold price",
      "title": "Gold price down following tame U.S. inflation data, Trump ...",
      "url": "https://www.kitco.com/news/article/2025-05-30/gold-price-down-following-tame-us-inflation-data-trump-comments",
      "snippet": "(Kitco News) - Gold prices are weaker in early U.S. trading Friday but up from overnight lows following a new social media post from ...",
      "source": "serpapi_macro",
      "timestamp": "2025-05-30T15:41:48.728475",
      "sentiment": 0.0
    },
    {
      "topic": "gold price",
      "title": "Gold Price Today | Gold Spot Price Charts",
      "url": "https://www.apmex.com/gold-price",
      "snippet": "APMEX lists live gold prices and silver prices as well as historical data related to gold spot prices. All prices are updated in real-time. View the spot price ...",
      "source": "serpapi_macro",
      "timestamp": "2025-05-30T15:41:48.728569",
      "sentiment": 0.0
    },
    {
      "topic": "gold price",
      "title": "Current Gold Spot Price and Gold Price Chart History",
      "url": "https://www.gainesvillecoins.com/charts/gold-spot-price?srsltid=AfmBOooNDu992vK_PbrTBjX5AAuQ8RtpYWM4MdDBARj7LG7w9K6-ob30",
      "snippet": "Find gold prices now with the current gold spot price. View charts of the gold price history measured in gold prices per ounce.",
      "source": "serpapi_macro",
      "timestamp": "2025-05-30T15:41:48.728651",
      "sentiment": 0.0
    },
    {
      "topic": "gold price",
      "title": "Gold price consolidates below $3300 as traders keenly ...",
      "url": "https://www.fxstreet.com/news/gold-price-slides-below-3-300-amid-a-mildly-positive-usd-focus-remains-on-us-pce-202505300437",
      "snippet": "Gold price (XAU/USD) consolidates below the $3,300 mark, or the daily low during the first half of the European session on Friday as traders ...",
      "source": "serpapi_macro",
      "timestamp": "2025-05-30T15:41:48.728729",
      "sentiment": 0.0
    },
    {
      "topic": "gold price",
      "title": "XAUUSD Chart — Gold Spot US Dollar Price",
      "url": "https://www.tradingview.com/symbols/XAUUSD/",
      "snippet": "Live Gold Spot to US Dollar rate. Free XAU USD chart with historical data. Top trading ideas and forecasts with technical analysis for world currencies.",
      "source": "serpapi_macro",
      "timestamp": "2025-05-30T15:41:48.728806",
      "sentiment": 1.0
    },
    {
      "topic": "central bank gold reserve",
      "title": "Central Banks Gold Reserves by Country",
      "url": "https://www.gold.org/goldhub/data/gold-reserves-by-country",
      "snippet": "Gold is an important component of central bank reserves because of its safety, liquidity and return characteristics – the three key ...",
      "source": "serpapi_macro",
      "timestamp": "2025-05-30T15:41:51.417451",
      "sentiment": 1.0
    },
    {
      "topic": "central bank gold reserve",
      "title": "Gold reserve",
      "url": "https://en.wikipedia.org/wiki/Gold_reserve",
      "snippet": "A gold reserve is the gold held by a national central bank, intended mainly as a guarantee to redeem promises to pay depositors, note holders",
      "source": "serpapi_macro",
      "timestamp": "2025-05-30T15:41:51.417592",
      "sentiment": 0.0
    },
    {
      "topic": "central bank gold reserve",
      "title": "Central Bank Gold Reserves By Country | Map",
      "url": "https://www.bullionvault.com/gold-news/infographics/central-bank-gold-reserves-by-country",
      "snippet": "Overall, the total quantity of gold held in national central-bank reserves has increased almost 19% by weight over the past 20 years – and it ...",
      "source": "serpapi_macro",
      "timestamp": "2025-05-30T15:41:51.417672",
      "sentiment": 0.0
    },
    {
      "topic": "central bank gold reserve",
      "title": "Top 10 Central Bank Gold Reserves",
      "url": "https://www.nasdaq.com/articles/top-10-central-bank-gold-reserves",
      "snippet": "Global central banks own about 17 percent of all the gold ever mined, with reserves topping 37,755 metric tons (MT) at the end of 2024.",
      "source": "serpapi_macro",
      "timestamp": "2025-05-30T15:41:51.417766",
      "sentiment": 0.0
    },
    {
      "topic": "central bank gold reserve",
      "title": "Central Banks - Gold Demand Trends: Q1 2025",
      "url": "https://www.gold.org/goldhub/research/gold-demand-trends/gold-demand-trends-q1-2025/central-banks",
      "snippet": "Central banks' bullion bonanza continues in 2025. Central banks' net purchases totalled 244t in Q1; The National Bank of Poland accelerated its ...",
      "source": "serpapi_macro",
      "timestamp": "2025-05-30T15:41:51.417848",
      "sentiment": 0.0
    },
    {
      "topic": "central bank gold reserve",
      "title": "Gold Reserves - Countries - List",
      "url": "https://tradingeconomics.com/country-list/gold-reserves",
      "snippet": "This page displays a table with actual values, consensus figures, forecasts, statistics and historical data charts for - Gold Reserves.",
      "source": "serpapi_macro",
      "timestamp": "2025-05-30T15:41:51.417947",
      "sentiment": 0.0
    },
    {
      "topic": "central bank gold reserve",
      "title": "The Role of Gold in Central Bank Reserves | Alchemist",
      "url": "https://www.lbma.org.uk/alchemist/alchemist-110/the-role-of-gold-in-central-bank-reserves",
      "snippet": "Gold's status as a currency is therefore borne out by the fact that bullion is counted as part of a central bank's foreign exchange reserves. It is the only ...",
      "source": "serpapi_macro",
      "timestamp": "2025-05-30T15:41:51.418027",
      "sentiment": 0.0
    },
    {
      "topic": "central bank gold reserve",
      "title": "22. Central Bank and Governmental Ownership of Gold",
      "url": "https://www.lbma.org.uk/publications/the-otc-guide/central-bank-and-governmental-ownership-of-gold",
      "snippet": "Central banks generally report their holdings to the International Monetary Fund (IMF) on a monthly basis.",
      "source": "serpapi_macro",
      "timestamp": "2025-05-30T15:41:51.418107",
      "sentiment": 0.0
    },
    {
      "topic": "trade tariffs",
      "title": "Trump tariffs get to stay in place for now. What happens next?",
      "url": "https://www.bbc.com/news/articles/c8xgdj9kyero",
      "snippet": "For one thing, the ruling noted that the president does have the power to impose tariffs of up to 15% for 150 days to address concerns about ...",
      "source": "serpapi_macro",
      "timestamp": "2025-05-30T15:41:56.183363",
      "sentiment": 0.0
    },
    {
      "topic": "trade tariffs",
      "title": "What a federal trade court block on Trump tariffs means ...",
      "url": "https://www.cnbc.com/2025/05/30/what-a-federal-trade-court-block-on-trump-tariffs-means-for-consumers.html",
      "snippet": "The U.S. Court of International Trade on Wednesday blocked country-specific tariffs, including a 10% baseline tariff on most nations and ...",
      "source": "serpapi_macro",
      "timestamp": "2025-05-30T15:41:56.183577",
      "sentiment": -1.0
    },
    {
      "topic": "trade tariffs",
      "title": "Federal appeals court temporarily reinstates Trump tariffs",
      "url": "https://www.aljazeera.com/economy/2025/5/29/federal-appeals-court-temporarily-reinstates-trump-tariffs",
      "snippet": "The decision comes a day after a trade court blocked the majority of Trump tariffs because it circumvented Congress.",
      "source": "serpapi_macro",
      "timestamp": "2025-05-30T15:41:56.183687",
      "sentiment": 0.0
    },
    {
      "topic": "trade tariffs",
      "title": "Here's what to know about Trump's tariffs after a U.S. trade ...",
      "url": "https://www.cbsnews.com/news/trump-tariffs-blocked-illegal-court-international-trade-ieepa-whats-next/",
      "snippet": "\"The tariffs that remain in place are the Section 232 tariffs of 25% on automotive, steel and aluminum imports and the Section 301 tariffs on ...",
      "source": "serpapi_macro",
      "timestamp": "2025-05-30T15:41:56.183786",
      "sentiment": 0.0
    },
    {
      "topic": "trade tariffs",
      "title": "Whiplash rulings on Trump's tariffs could impact global ...",
      "url": "https://www.washingtonpost.com/world/2025/05/30/trump-tariffs-trade-china-india/",
      "snippet": "Trump's April 2 global-tariff blitz marked a dramatic pivot toward protectionism, imposing a blanket 10 percent levy on nearly all imported ...",
      "source": "serpapi_macro",
      "timestamp": "2025-05-30T15:41:56.183883",
      "sentiment": 0.0
    },
    {
      "topic": "trade tariffs",
      "title": "What's Next for Trump's Tariffs After Back-and-Forth Rulings",
      "url": "https://time.com/7289909/trump-tariffs-court-rulings/",
      "snippet": "The ruling halted a 30% tariff on China, a 25% tariff on certain goods from Mexico and Canada, and 10% baseline tariffs on most of the rest of ...",
      "source": "serpapi_macro",
      "timestamp": "2025-05-30T15:41:56.183980",
      "sentiment": 1.0
    },
    {
      "topic": "trade tariffs",
      "title": "US and China trade talks have stalled, Scott Bessent says",
      "url": "https://www.bbc.com/news/articles/cje7zex3njwo",
      "snippet": "Both the US and China confirmed they would reduce tariffs imposed on each other's imports earlier this month, following talks in Switzerland. ...",
      "source": "serpapi_macro",
      "timestamp": "2025-05-30T15:41:56.184075",
      "sentiment": -1.0
    },
    {
      "topic": "trade tariffs",
      "title": "Tariff Rulings Inject New Uncertainty Into Trump Trade ...",
      "url": "https://www.nytimes.com/2025/05/29/us/politics/trump-tariffs-trade-policy.html",
      "snippet": "A court ruling invalidating President Trump's sweeping tariffs was halted hours later, throwing into question the administration's overall ...",
      "source": "serpapi_macro",
      "timestamp": "2025-05-30T15:41:56.184170",
      "sentiment": 0.0
    },
    {
      "topic": "trade tariffs",
      "title": "10 times Trump has threatened, then backtracked on, tariffs ...",
      "url": "https://www.nbcnews.com/politics/trump-administration/10-trump-threatened-backtracked-tariffs-wall-street-embraces-taco-trad-rcna209450",
      "snippet": "Trump has ordered a number of sweeping tariffs driving up costs of imports, but he has threatened far more tariffs than he has carried out, ...",
      "source": "serpapi_macro",
      "timestamp": "2025-05-30T15:41:56.184264",
      "sentiment": -1.0
    },
    {
      "topic": "economic sanctions",
      "title": "Economic sanctions",
      "url": "https://en.wikipedia.org/wiki/Economic_sanctions",
      "snippet": "Economic sanctions or embargoes are commercial and financial penalties applied by states or institutions against states, groups, or individuals.",
      "source": "serpapi_macro",
      "timestamp": "2025-05-30T15:41:59.862388",
      "sentiment": 0.0
    },
    {
      "topic": "economic sanctions",
      "title": "What Are Economic Sanctions?",
      "url": "https://www.cfr.org/backgrounder/what-are-economic-sanctions",
      "snippet": "Economic sanctions are defined as the withdrawal of customary trade and financial relations for foreign- and security-policy purposes.",
      "source": "serpapi_macro",
      "timestamp": "2025-05-30T15:41:59.862527",
      "sentiment": 0.0
    },
    {
      "topic": "economic sanctions",
      "title": "Sanctions Programs and Country Information",
      "url": "https://ofac.treasury.gov/sanctions-programs-and-country-information",
      "snippet": "The sanctions can be either comprehensive or selective, using the blocking of assets and trade restrictions to accomplish foreign policy and national security ...",
      "source": "serpapi_macro",
      "timestamp": "2025-05-30T15:41:59.862623",
      "sentiment": -1.0
    },
    {
      "topic": "economic sanctions",
      "title": "Evidence on the Costs and Benefits of Economic Sanctions",
      "url": "https://www.piie.com/commentary/testimonies/evidence-costs-and-benefits-economic-sanctions",
      "snippet": "While the benefits of economic sanctions are elusive, the costs often are not. Trade sanctions deprive the United States of the gains from trade and frequently ...",
      "source": "serpapi_macro",
      "timestamp": "2025-05-30T15:41:59.862719",
      "sentiment": 1.0
    },
    {
      "topic": "economic sanctions",
      "title": "Economic Sanctions Policy and Implementation",
      "url": "https://www.state.gov/economic-sanctions-policy-and-implementation/",
      "snippet": "The Office of Economic Sanctions Policy and Implementation (TFS/SPI) maintains and enforces sanctions to maximize their economic impact on our targets and ...",
      "source": "serpapi_macro",
      "timestamp": "2025-05-30T15:41:59.862814",
      "sentiment": 0.0
    },
    {
      "topic": "economic sanctions",
      "title": "US Economic Sanctions: Their Impact on Trade, Jobs, and ...",
      "url": "https://www.piie.com/publications/working-papers/us-economic-sanctions-their-impact-trade-jobs-and-wages",
      "snippet": "The OECD results suggest that extensive sanctions lower exports by 78 percent, while limited to modest sanctions reduce exports by 21 percent to 33 percent.",
      "source": "serpapi_macro",
      "timestamp": "2025-05-30T15:41:59.862909",
      "sentiment": 0.0
    },
    {
      "topic": "economic sanctions",
      "title": "Economic sanctions on countries are indiscriminate ...",
      "url": "https://pmc.ncbi.nlm.nih.gov/articles/PMC8679062/",
      "snippet": "Economic sanctions are usually applied by governments or the United Nations Security Council (UNSC) to individuals, companies or countries.",
      "source": "serpapi_macro",
      "timestamp": "2025-05-30T15:41:59.863004",
      "sentiment": 0.0
    },
    {
      "topic": "economic sanctions",
      "title": "Do Economic Sanctions Work?",
      "url": "https://online.norwich.edu/online/about/resource-library/do-economic-sanctions-work",
      "snippet": "51% of the time, an economic sanction is able to implement modest policy changes that affect citizens in a positive way or protect other countries. Economic ...",
      "source": "serpapi_macro",
      "timestamp": "2025-05-30T15:41:59.863098",
      "sentiment": 1.0
    }
  ],
  "total_social_posts_analyzed": 70,
  "source_breakdown": {
    "reddit_posts": 50,
    "twitter_tweets": 20,
    "cryptopanic_articles": 0
  }
}