{
  "timestamp": "2025-05-12T12:35:01.273223",
  "symbol": "LINK",
  "average_sentiment_score": 0.0,
  "fear_greed_index": [
    {
      "value": 70,
      "classification": "Greed",
      "timestamp_unix": 1747008000,
      "datetime": "2025-05-12T00:00:00"
    }
  ],
  "dxy_strength_score": null,
  "macro_news_sentiment": [
    {
      "title": "Vital support for victims in \u00a320 million funding boost",
      "url": "https://www.gov.uk/government/announcements",
      "country": "UK",
      "source": "government",
      "scraped_at": "2025-05-12T12:34:52.057049",
      "sentiment": "neutral"
    },
    {
      "title": "CNC participates in Mental Health Awareness Week",
      "url": "https://www.gov.uk/government/announcements",
      "country": "UK",
      "source": "government",
      "scraped_at": "2025-05-12T12:34:52.057155",
      "sentiment": "neutral"
    },
    {
      "title": "Renewable energy company which failed to deliver customer orders is shut down",
      "url": "https://www.gov.uk/government/announcements",
      "country": "UK",
      "source": "government",
      "scraped_at": "2025-05-12T12:34:52.057207",
      "sentiment": "negative"
    },
    {
      "title": "England\u2019s peatlands mapped for first time in major step towards their recovery",
      "url": "https://www.gov.uk/government/announcements",
      "country": "UK",
      "source": "government",
      "scraped_at": "2025-05-12T12:34:52.057257",
      "sentiment": "neutral"
    },
    {
      "title": "Government announces confirmed Chair and Board appointments to the S4C Board",
      "url": "https://www.gov.uk/government/announcements",
      "country": "UK",
      "source": "government",
      "scraped_at": "2025-05-12T12:34:52.057307",
      "sentiment": "neutral"
    },
    {
      "title": "Regeneration expert appointed to kickstart Oxford growth drive",
      "url": "https://www.gov.uk/government/announcements",
      "country": "UK",
      "source": "government",
      "scraped_at": "2025-05-12T12:34:52.057357",
      "sentiment": "neutral"
    },
    {
      "title": "Significant activity to crack down on training malpractice",
      "url": "https://www.gov.uk/government/announcements",
      "country": "UK",
      "source": "government",
      "scraped_at": "2025-05-12T12:34:52.057407",
      "sentiment": "positive"
    },
    {
      "title": "\u200b\u200bAppointment of Oxford Growth Commission Chair\u200b",
      "url": "https://www.gov.uk/government/announcements",
      "country": "UK",
      "source": "government",
      "scraped_at": "2025-05-12T12:34:52.057456",
      "sentiment": "neutral"
    },
    {
      "title": "Immigration white paper to reduce migration and strengthen border",
      "url": "https://www.gov.uk/government/announcements",
      "country": "UK",
      "source": "government",
      "scraped_at": "2025-05-12T12:34:52.057505",
      "sentiment": "neutral"
    },
    {
      "title": "Inspection work in progress",
      "url": "https://www.gov.uk/government/announcements",
      "country": "UK",
      "source": "government",
      "scraped_at": "2025-05-12T12:34:52.057555",
      "sentiment": "neutral"
    },
    {
      "topic": "global economy",
      "title": "Global economy, world economy | TheGlobalEconomy.com",
      "url": "https://www.theglobaleconomy.com/",
      "snippet": "Information on the global economy with data on over 400 indicators, updated regularly, for over 200 countries as well as interactive tools, articles, ...",
      "source": "serpapi",
      "timestamp": "2025-05-12T12:34:52.544592",
      "sentiment": "neutral"
    },
    {
      "topic": "global economy",
      "title": "The Global Economy Enters a New Era",
      "url": "https://www.imf.org/en/Blogs/Articles/2025/04/22/the-global-economy-enters-a-new-era",
      "snippet": "Risks to the global economy have increased, and worsening trade tensions could further depress growth. Financial conditions could tighten ...",
      "source": "serpapi",
      "timestamp": "2025-05-12T12:34:52.544788",
      "sentiment": "neutral"
    },
    {
      "topic": "global economy",
      "title": "World economy",
      "url": "https://en.wikipedia.org/wiki/World_economy",
      "snippet": "The world economy or global economy is the economy of all humans in the world, referring to the global economic system.",
      "source": "serpapi",
      "timestamp": "2025-05-12T12:34:52.544905",
      "sentiment": "neutral"
    },
    {
      "topic": "global economy",
      "title": "Global Economy",
      "url": "https://www.ft.com/global-economy",
      "snippet": "News and top stories on the state of the global economy. The latest economic data, reports and updates from countries around the world, on jobs, trade, ...",
      "source": "serpapi",
      "timestamp": "2025-05-12T12:34:52.544995",
      "sentiment": "positive"
    },
    {
      "topic": "global economy",
      "title": "Global Economic Prospects",
      "url": "https://www.worldbank.org/en/publication/global-economic-prospects",
      "snippet": "Global growth is expected to hold steady at 2.7 percent in 2025-26. However, the global economy appears to be settling at a low growth rate.",
      "source": "serpapi",
      "timestamp": "2025-05-12T12:34:52.545077",
      "sentiment": "neutral"
    },
    {
      "topic": "global economy",
      "title": "World Economic Outlook - All Issues",
      "url": "https://www.imf.org/en/Publications/WEO",
      "snippet": "Description: The January 2023 World Economic Outlook Update projects that global growth will fall to 2.9 percent in 2023 but rise to 3.1 percent in 2024. The ...",
      "source": "serpapi",
      "timestamp": "2025-05-12T12:34:52.545161",
      "sentiment": "neutral"
    },
    {
      "topic": "global economy",
      "title": "THE GLOBAL ECONOMY | English meaning",
      "url": "https://dictionary.cambridge.org/dictionary/english/global-economy",
      "snippet": "THE GLOBAL ECONOMY definition: the system of industry and trade around the world that has developed as the result of globalization\u2026. Learn more.",
      "source": "serpapi",
      "timestamp": "2025-05-12T12:34:52.545299",
      "sentiment": "neutral"
    },
    {
      "topic": "global economy",
      "title": "How does the global economy work?",
      "url": "https://www.edology.com/blog/accounting-finance/how-does-global-economy-work/",
      "snippet": "The global economy refers to the interconnected worldwide economic activities that take place between multiple countries. These economic activities can have ...",
      "source": "serpapi",
      "timestamp": "2025-05-12T12:34:52.545388",
      "sentiment": "neutral"
    },
    {
      "topic": "geopolitical tensions",
      "title": "Top Geopolitical Risks of 2025",
      "url": "https://www.spglobal.com/en/research-insights/market-insights/geopolitical-risk",
      "snippet": "Geopolitical risks have the potential to impact the global economic outlook, influencing growth, inflation, financial markets, and supply chains.",
      "source": "serpapi",
      "timestamp": "2025-05-12T12:34:53.020585",
      "sentiment": "neutral"
    },
    {
      "topic": "geopolitical tensions",
      "title": "How Geopolitical Risks Influence the Global Community",
      "url": "https://geopoliticalfutures.com/risk/",
      "snippet": "Geopolitical risks are defined as the potential political, economic, military, and social risks that can emerge from a nation's involvement in international ...",
      "source": "serpapi",
      "timestamp": "2025-05-12T12:34:53.020698",
      "sentiment": "neutral"
    },
    {
      "topic": "geopolitical tensions",
      "title": "How are geopolitical risks affecting the world economy?",
      "url": "https://www.economicsobservatory.com/how-are-geopolitical-risks-affecting-the-world-economy",
      "snippet": "Geopolitical risks posed by elections, polarisation and conflicts within and between states have inevitable knock-on effects on the economy, both globally and ...",
      "source": "serpapi",
      "timestamp": "2025-05-12T12:34:53.020766",
      "sentiment": "neutral"
    },
    {
      "topic": "geopolitical tensions",
      "title": "Geopolitical Risk Dashboard | BlackRock Investment Institute",
      "url": "https://www.blackrock.com/corporate/insights/blackrock-investment-institute/interactive-charts/geopolitical-risk-dashboard",
      "snippet": "The global BlackRock Geopolitical Risk Indicator (BGRI) aims to capture overall market attention to geopolitical risks, as the line chart shows.",
      "source": "serpapi",
      "timestamp": "2025-05-12T12:34:53.020832",
      "sentiment": "neutral"
    },
    {
      "topic": "geopolitical tensions",
      "title": "Geopolitical tensions - (AP World History: Modern)",
      "url": "https://library.fiveable.me/key-terms/ap-world/geopolitical-tensions",
      "snippet": "Geopolitical tensions refer to conflicts and rivalries between nations or regions that arise from their geographical, political, and economic interests.",
      "source": "serpapi",
      "timestamp": "2025-05-12T12:34:53.020898",
      "sentiment": "neutral"
    },
    {
      "topic": "geopolitical tensions",
      "title": "Top geopolitical risks 2025",
      "url": "https://kpmg.com/xx/en/our-insights/risk-and-regulation/top-risks-forecast-2025.html",
      "snippet": "Geopolitical rivalries, trade protectionism, conflict, competition for resources, cyberattacks and climate events place severe strains on ...",
      "source": "serpapi",
      "timestamp": "2025-05-12T12:34:53.020964",
      "sentiment": "neutral"
    },
    {
      "topic": "geopolitical tensions",
      "title": "Geopolitical conflict and its impact on global markets",
      "url": "https://www.usbank.com/investing/financial-perspectives/market-news/russia-ukraine-global-market.html",
      "snippet": "Increasing global tensions tied to trade tensions and ongoing geopolitical conflicts contributed to investor uncertainty about near-term ...",
      "source": "serpapi",
      "timestamp": "2025-05-12T12:34:53.021029",
      "sentiment": "neutral"
    },
    {
      "topic": "geopolitical tensions",
      "title": "Beyond borders: Assessing the influence of Geopolitical ...",
      "url": "https://www.sciencedirect.com/science/article/pii/S0176268024000521",
      "snippet": "We find that geopolitical tensions and global uncertainty in border countries contribute to the rise of European country's sovereign risk.",
      "source": "serpapi",
      "timestamp": "2025-05-12T12:34:53.021094",
      "sentiment": "neutral"
    },
    {
      "topic": "crypto adoption",
      "title": "2024 Global Crypto Adoption Index",
      "url": "https://www.chainalysis.com/blog/2024-global-crypto-adoption-index/",
      "snippet": "In each year's report, we look at both on- and off-chain data to determine which countries are leading the world in grassroots crypto adoption.",
      "source": "serpapi",
      "timestamp": "2025-05-12T12:34:53.422775",
      "sentiment": "neutral"
    },
    {
      "topic": "crypto adoption",
      "title": "Crypto users worldwide 2016-2025",
      "url": "https://www.statista.com/statistics/1202503/global-cryptocurrency-user-base/",
      "snippet": "The global user base of cryptocurrencies increased by nearly 190 percent between 2018 and 2020, only to accelerate further in 2022.",
      "source": "serpapi",
      "timestamp": "2025-05-12T12:34:53.422912",
      "sentiment": "negative"
    },
    {
      "topic": "crypto adoption",
      "title": "The 2023 Global Crypto Adoption Index",
      "url": "https://www.chainalysis.com/blog/2023-global-crypto-adoption-index/",
      "snippet": "The goal of the index is simple: We combine on-chain data and real-world data to measure which countries are leading the world in grassroots crypto adoption.",
      "source": "serpapi",
      "timestamp": "2025-05-12T12:34:53.422996",
      "sentiment": "neutral"
    },
    {
      "topic": "crypto adoption",
      "title": "2025 Cryptocurrency Adoption and Consumer Sentiment ...",
      "url": "https://www.security.org/digital-security/cryptocurrency-annual-consumer-report/",
      "snippet": "Ownership rates are likely to accelerate this year. According to our research, 14 percent of non-owners plan to enter the crypto market in 2025, ...",
      "source": "serpapi",
      "timestamp": "2025-05-12T12:34:53.423078",
      "sentiment": "neutral"
    },
    {
      "topic": "crypto adoption",
      "title": "2024 Crypto Adoption and Illicit Exposure Report",
      "url": "https://www.trmlabs.com/resources/reports/2024-crypto-adoption-and-illicit-activity-report",
      "snippet": "The 2024 Crypto Adoption and Illicit Exposure Report report examines the shifts and trends shaping cryptocurrency adoption around the world.",
      "source": "serpapi",
      "timestamp": "2025-05-12T12:34:53.423159",
      "sentiment": "neutral"
    },
    {
      "topic": "crypto adoption",
      "title": "Crypto Adoption Index | Crypto Wealth Report",
      "url": "https://www.henleyglobal.com/publications/crypto-wealth-report/crypto-adoption-index",
      "snippet": "The Crypto Adoption Index assesses investment migration options for crypto investors who want to craft a portfolio of alternative residence permits and ...",
      "source": "serpapi",
      "timestamp": "2025-05-12T12:34:53.423242",
      "sentiment": "neutral"
    },
    {
      "topic": "crypto adoption",
      "title": "Global surge: exploring cryptocurrency adoption with ...",
      "url": "https://jfin-swufe.springeropen.com/articles/10.1186/s40854-025-00765-0",
      "snippet": "Our findings reveal that cryptocurrency adoption is significantly influenced by economic instability, infrastructure availability, and spatial ...",
      "source": "serpapi",
      "timestamp": "2025-05-12T12:34:53.423323",
      "sentiment": "neutral"
    },
    {
      "topic": "crypto adoption",
      "title": "Cryptocurrency Ownership Data - Triple-A",
      "url": "https://www.triple-a.io/cryptocurrency-ownership-data/cryptocurrency-ownership-data",
      "snippet": "As of 2024, we estimated global cryptocurrency ownership rates at an average of 6.8%, with over 560 million cryptocurrencies users worldwide.",
      "source": "serpapi",
      "timestamp": "2025-05-12T12:34:53.423404",
      "sentiment": "neutral"
    },
    {
      "topic": "crypto ban",
      "title": "Legality of cryptocurrency by country or territory",
      "url": "https://en.wikipedia.org/wiki/Legality_of_cryptocurrency_by_country_or_territory",
      "snippet": "Afghanistan. Illegal. In August 2022 Taliban banned trading in cryptocurrencies. \u00b7 Kyrgyzstan. Legal. Bitcoin is considered a commodity, not a security or ...",
      "source": "serpapi",
      "timestamp": "2025-05-12T12:34:53.836621",
      "sentiment": "negative"
    },
    {
      "topic": "crypto ban",
      "title": "10 Countries Where Crypto Remains Banned in 2025",
      "url": "https://www.ccn.com/education/crypto/10-countries-where-crypto-remains-banned/",
      "snippet": "10 Countries Where Crypto Remains Banned in 2025 \u00b7 1. China \u00b7 2. Egypt \u00b7 3. Algeria \u00b7 4. Bangladesh \u00b7 5. Nepal \u00b7 6. Afghanistan \u00b7 7. Morocco \u00b7 8 ...",
      "source": "serpapi",
      "timestamp": "2025-05-12T12:34:53.836745",
      "sentiment": "neutral"
    },
    {
      "topic": "crypto ban",
      "title": "Banano price today, BAN to USD live price, marketcap ...",
      "url": "https://coinmarketcap.com/currencies/banano/",
      "snippet": "The live Banano price today is $0.002051 USD with a 24-hour trading volume of $4502.42 USD. We update our BAN to USD price in real-time.",
      "source": "serpapi",
      "timestamp": "2025-05-12T12:34:53.836834",
      "sentiment": "negative"
    },
    {
      "topic": "crypto ban",
      "title": "Crypto Tracing, China's Crypto Ban, and Potential Global ...",
      "url": "https://www.thinkbrg.com/thinkset/ts-crypto-tracing-china-crypto-ban-global-regulation/",
      "snippet": "China has taken a particularly tough stance, banning cryptocurrency exchanges and ICOs in 2017. However, some reports suggest that the country is now exploring ...",
      "source": "serpapi",
      "timestamp": "2025-05-12T12:34:53.836916",
      "sentiment": "negative"
    },
    {
      "topic": "crypto ban",
      "title": "Why China had to \u201cBan\u201d Cryptocurrency but the U.S. did not",
      "url": "https://openscholarship.wustl.edu/law_globalstudies/vol18/iss2/9/",
      "snippet": "While China explicitly banned any exchange or financing activities between fiat money and \u201ccoin substitution\u201d in 2017, the US has placed cryptocurrencies ...",
      "source": "serpapi",
      "timestamp": "2025-05-12T12:34:53.836998",
      "sentiment": "neutral"
    },
    {
      "topic": "crypto ban",
      "title": "Crypto Ban",
      "url": "https://www.coindesk.com/tag/crypto-ban",
      "snippet": "Russia's central bank said in a report released Thursday the country must make crypto trading, mining, and usage illegal. CoinDesk reporter Anna Baydakova ...",
      "source": "serpapi",
      "timestamp": "2025-05-12T12:34:53.837081",
      "sentiment": "negative"
    },
    {
      "topic": "crypto ban",
      "title": "UK preparing to ban consumers from buying crypto with ...",
      "url": "https://www.theguardian.com/technology/2025/may/02/uk-preparing-to-ban-consumers-from-buying-crypto-with-borrowed-funds-fca",
      "snippet": "UK preparing to ban consumers from buying crypto with borrowed funds. Soaring cryptocurrency values after Trump election has put pressure on ...",
      "source": "serpapi",
      "timestamp": "2025-05-12T12:34:53.837161",
      "sentiment": "neutral"
    },
    {
      "topic": "crypto ban",
      "title": "Tackling the risks in crypto: Choosing among bans ...",
      "url": "https://www.sciencedirect.com/science/article/pii/S0889158323000412",
      "snippet": "An extreme option is banning crypto activities in their entirety, while a less extreme one would be to ban crypto activities in a targeted manner. The pros and ...",
      "source": "serpapi",
      "timestamp": "2025-05-12T12:34:53.837242",
      "sentiment": "negative"
    },
    {
      "topic": "crypto ban",
      "title": "NIGERIA: Ban on Digital Currency Transactions Lifted",
      "url": "https://research.hktdc.com/en/article/MTYwMjE3OTI1MA",
      "snippet": "The Central Bank of Nigeria (CBN) has lifted its ban on digital currency transactions. In February 2021 the CBN had barred financial institutions from crypto ...",
      "source": "serpapi",
      "timestamp": "2025-05-12T12:34:53.837322",
      "sentiment": "neutral"
    },
    {
      "topic": "crypto ban",
      "title": "Urgent Call to Stop Senate Bill Banning Crypto",
      "url": "https://digitalchamber.org/cryptocurrency-under-threat-urgent-call-to-stop-senate-bill-banning-crypto/",
      "snippet": "We are creating a campaign named Stop the Crypto Ban and are fighting aggressively to kill this bill. What can you do? Sign the petition against the bill.",
      "source": "serpapi",
      "timestamp": "2025-05-12T12:34:53.837404",
      "sentiment": "neutral"
    },
    {
      "topic": "crypto regulation",
      "title": "Cryptocurrency Regulation: A Guide to U.S. & Global Policies",
      "url": "https://www.britannica.com/money/cryptocurrency-regulation",
      "snippet": "Regulations for crypto are the legal and procedural frameworks that governments enact to shape many different aspects of digital assets.",
      "source": "serpapi",
      "timestamp": "2025-05-12T12:34:54.269308",
      "sentiment": "positive"
    },
    {
      "topic": "crypto regulation",
      "title": "Regulating crypto: Why, how, and who | ...",
      "url": "https://www.brookings.edu/collection/regulating-crypto-why-how-and-who/",
      "snippet": "Allen cautioned against bringing crypto into the regulatory system for fear of giving investors false guarantees around the quality of these assets and markets.",
      "source": "serpapi",
      "timestamp": "2025-05-12T12:34:54.269458",
      "sentiment": "neutral"
    },
    {
      "topic": "crypto regulation",
      "title": "Crypto Task Force",
      "url": "https://www.sec.gov/about/crypto-task-force",
      "snippet": "The Crypto Task Force seeks to provide clarity on the application of the federal securities laws to the crypto asset market and to recommend practical policy ...",
      "source": "serpapi",
      "timestamp": "2025-05-12T12:34:54.269560",
      "sentiment": "neutral"
    },
    {
      "topic": "crypto regulation",
      "title": "Recent Developments Raise Significant Questions about ...",
      "url": "https://www.moneylaunderingnews.com/2025/03/recent-developments-raise-significant-questions-about-the-future-of-regulation-and-enforcement-of-cryptocurrency/",
      "snippet": "Clearing Agencies and Transfer Agents: The Task Force hopes to improve the intersection of crypto, clearing agency and transfer rules.",
      "source": "serpapi",
      "timestamp": "2025-05-12T12:34:54.269660",
      "sentiment": "neutral"
    },
    {
      "topic": "crypto regulation",
      "title": "How are Cryptocurrencies Regulated in the U.S. and the EU?",
      "url": "https://www.dowjones.com/professional/risk/glossary/cryptocurrency/us-eu-regulation/",
      "snippet": "Many countries are starting to collect taxes on capital gains and crack down on financial crimes in the cryptocurrency space.",
      "source": "serpapi",
      "timestamp": "2025-05-12T12:34:54.269757",
      "sentiment": "neutral"
    },
    {
      "topic": "crypto regulation",
      "title": "What is next for crypto regulation in the US?",
      "url": "https://www.atlanticcouncil.org/blogs/econographics/what-is-next-for-crypto-regulation-in-the-us/",
      "snippet": "We dive into the dozen bills under consideration in Congress and zoom in on the three big themes for crypto regulation in 2025. The SEC vs ...",
      "source": "serpapi",
      "timestamp": "2025-05-12T12:34:54.269855",
      "sentiment": "neutral"
    },
    {
      "topic": "SEC ruling crypto",
      "title": "Crypto Assets",
      "url": "https://www.sec.gov/securities-topics/crypto-assets",
      "snippet": "The Securities and Exchange Commission today announced fraud charges against three companies purporting to be market makers and nine individuals for engaging in ...",
      "source": "serpapi",
      "timestamp": "2025-05-12T12:34:54.703514",
      "sentiment": "negative"
    },
    {
      "topic": "SEC ruling crypto",
      "title": "Crypto Task Force",
      "url": "https://www.sec.gov/about/crypto-task-force",
      "snippet": "The Crypto Task Force seeks to provide clarity on the application of the federal securities laws to the crypto asset market and to recommend practical policy ...",
      "source": "serpapi",
      "timestamp": "2025-05-12T12:34:54.703637",
      "sentiment": "neutral"
    },
    {
      "topic": "SEC ruling crypto",
      "title": "Offerings and Registrations of Securities in the Crypto ...",
      "url": "https://www.sec.gov/newsroom/speeches-statements/cf-crypto-securities-041025",
      "snippet": "SEC rules require an issuer to provide a materially complete description of its securities.[15] The specific disclosure depends on the ...",
      "source": "serpapi",
      "timestamp": "2025-05-12T12:34:54.703716",
      "sentiment": "neutral"
    },
    {
      "topic": "SEC ruling crypto",
      "title": "SEC Says Bitcoin is NOT a Security | Cryptocurrency Law",
      "url": "https://gordonlaw.com/learn/sec-says-bitcoin-not-security/",
      "snippet": "The U.S. Securities and Exchange Commission declared that Bitcoin is not a security. Jump in to learn more about the decision and its industry impact.",
      "source": "serpapi",
      "timestamp": "2025-05-12T12:34:54.703793",
      "sentiment": "neutral"
    },
    {
      "topic": "SEC ruling crypto",
      "title": "Statement on the Agency's Settlement with Ripple Labs, Inc.",
      "url": "https://www.sec.gov/newsroom/speeches-statements/crenshaw-statement-ripple-050825",
      "snippet": "In December of 2020, under then-Chairman Jay Clayton, the SEC sued Ripple Labs, Inc. for failing to register its crypto tokens as required ...",
      "source": "serpapi",
      "timestamp": "2025-05-12T12:34:54.703869",
      "sentiment": "neutral"
    },
    {
      "topic": "SEC ruling crypto",
      "title": "SEC Withdraws from Prominent Crypto Enforcement Amid ...",
      "url": "https://www.corporatesecuritieslawblog.com/2025/02/sec-withdraws-from-prominent-crypto-enforcement-amid-regulatory-shift/",
      "snippet": "The SEC filed its enforcement action against Coinbase in June 2023 under former-Chair Gary Gensler, alleging that the crypto platform violated ...",
      "source": "serpapi",
      "timestamp": "2025-05-12T12:34:54.703947",
      "sentiment": "neutral"
    },
    {
      "topic": "SEC ruling crypto",
      "title": "SEC Declares Bitcoin and Ether as Non-Securities - Cassels",
      "url": "https://cassels.com/insights/sec-declares-bitcoin-and-ether-as-non-securities/",
      "snippet": "William Hinman (Hinman), announced that the commission would not be treating Ether or Bitcoin as securities.",
      "source": "serpapi",
      "timestamp": "2025-05-12T12:34:54.704023",
      "sentiment": "neutral"
    },
    {
      "topic": "SEC ruling crypto",
      "title": "SEC revokes unpopular banking rule that blocked Wall ...",
      "url": "https://www.cnbc.com/2025/01/24/sec-revokes-unpopular-banking-rule-that-blocked-wall-street-banks-from-adopting-crypto.html",
      "snippet": "The US Securities and Exchange Commission has rescinded an accounting rule that forced banks to treat bitcoin and other tokens as a liability on their balance ...",
      "source": "serpapi",
      "timestamp": "2025-05-12T12:34:54.704099",
      "sentiment": "neutral"
    },
    {
      "topic": "SEC ruling crypto",
      "title": "SEC vs. Ripple: A Turning Point for US Crypto Regulation?",
      "url": "https://gordonlaw.com/learn/sec-turning-point-crypto-regulation/",
      "snippet": "In 2024, the SEC intensified its regulatory crackdown, issuing Wells notices and initiating enforcement actions against cryptocurrency firms like Crypto.com, ...",
      "source": "serpapi",
      "timestamp": "2025-05-12T12:34:54.704176",
      "sentiment": "neutral"
    },
    {
      "topic": "court decision cryptocurrency",
      "title": "Crypto in the Courts: Five Cases Reshaping Digital Asset ...",
      "url": "https://katten.com/crypto-in-the-courts-five-cases-reshaping-digital-asset-regulation-in-2025",
      "snippet": "This article examines five cases that may define the future of digital asset regulation in the United States and sets out the issues at stake in those cases.",
      "source": "serpapi",
      "timestamp": "2025-05-12T12:34:55.148527",
      "sentiment": "neutral"
    },
    {
      "topic": "court decision cryptocurrency",
      "title": "Cryptocurrency, Sweepstakes, and the Supreme Court",
      "url": "https://www.consumerfinancialserviceslawmonitor.com/2024/05/cryptocurrency-sweepstakes-and-the-supreme-court-a-tale-of-two-contracts/",
      "snippet": "The decision teaches a cautionary lesson that parties with multiple contracts between them must keep issues of arbitrability consistent between the contracts.",
      "source": "serpapi",
      "timestamp": "2025-05-12T12:34:55.148762",
      "sentiment": "positive"
    },
    {
      "topic": "court decision cryptocurrency",
      "title": "Third Circuit Coinbase Decision Pressures SEC on Crypto ...",
      "url": "https://www.ropesgray.com/en/insights/alerts/2025/01/third-circuit-coinbase-decision-pressures-sec-on-crypto-rulemaking",
      "snippet": "The Court agreed with Coinbase that the SEC's explanation was insufficient and remanded the issue back to the SEC for a more comprehensive ...",
      "source": "serpapi",
      "timestamp": "2025-05-12T12:34:55.148869",
      "sentiment": "positive"
    },
    {
      "topic": "court decision cryptocurrency",
      "title": "Court Publishes Decision on Mandatory Arbitration Provisions ...",
      "url": "https://consumerlaw.berkeley.edu/news/court-publishes-decision-mandatory-arbitration-provisions-crypto-industry-and-beyond",
      "snippet": "The opinion establishes a clear blueprint for how to successfully bring claims against abusive cryptocurrency companies for violating consumer ...",
      "source": "serpapi",
      "timestamp": "2025-05-12T12:34:55.148965",
      "sentiment": "negative"
    },
    {
      "topic": "court decision cryptocurrency",
      "title": "precedential",
      "url": "https://www2.ca3.uscourts.gov/opinarch/233202p.pdf",
      "snippet": "At a minimum, the SEC claimed that a digital asset is a security, and thus subject to the federal securities laws, if it is an \u201cinvestment ...",
      "source": "serpapi",
      "timestamp": "2025-05-12T12:34:55.149054",
      "sentiment": "neutral"
    },
    {
      "topic": "court decision cryptocurrency",
      "title": "Appeals Court Reverses the SEC's Rejection of ...",
      "url": "https://www.winston.com/en/blogs-and-podcasts/non-fungible-insights-blockchain-decrypted/appeals-court-reverses-the-secs-rejection-of-grayscales-spot-bitcoin-etf-proposal",
      "snippet": "The three-judge panel unanimously concluded that the Commission failed to provide a \u201ccoherent explanation\u201d as to why it approved bitcoin futures ETFs, but not ...",
      "source": "serpapi",
      "timestamp": "2025-05-12T12:34:55.149147",
      "sentiment": "neutral"
    },
    {
      "topic": "court decision cryptocurrency",
      "title": "Court Cases",
      "url": "https://www.coindesk.com/tag/court-cases",
      "snippet": "A Texas federal court ruled that the regulator's new dealer definition that roped in crypto entities was \"untethered\" to US securities law.",
      "source": "serpapi",
      "timestamp": "2025-05-12T12:34:55.149235",
      "sentiment": "positive"
    },
    {
      "topic": "gold price",
      "title": "Gold Price Charts & Historical Data - GoldPrice.org",
      "url": "https://goldprice.org/",
      "snippet": "GOLDPRICE.ORG - The No. 1 gold price site for fast loading live gold price charts in ounces, grams and kilos in every national currency in the world.",
      "source": "serpapi",
      "timestamp": "2025-05-12T12:34:55.579735",
      "sentiment": "negative"
    },
    {
      "topic": "gold price",
      "title": "Gold price selling bias remains unabated; bears retain ...",
      "url": "https://www.fxstreet.com/news/gold-price-struggles-near-one-week-low-us-china-joint-statement-awaited-202505120443",
      "snippet": "Gold price (XAU/USD) drops to a one-and-a-half-week low, around the $3216 area, during the first half of the European session on Monday and ...",
      "source": "serpapi",
      "timestamp": "2025-05-12T12:34:55.579903",
      "sentiment": "neutral"
    },
    {
      "topic": "gold price",
      "title": "Price of Gold Per Ounce | 24 Hour Spot Chart",
      "url": "https://www.kitco.com/charts/gold",
      "snippet": "ounce. 3,206.60. -116.70. gram. 103.09. -3.75. Kilo. 103,096.16. -3,751.99. pennyweight. 160.33. -5.83. tola. 1,202.48. -43.76. tael. 3,896.91. -141.82.",
      "source": "serpapi",
      "timestamp": "2025-05-12T12:34:55.579979",
      "sentiment": "neutral"
    },
    {
      "topic": "gold price",
      "title": "Gold Price Today | Gold Spot Price Charts",
      "url": "https://www.apmex.com/gold-price",
      "snippet": "Gold Price Per Ounce. $3,236.70 USD, - ($108.80) USD ; Gold Price Per Gram. $104.06 USD, - ($3.50) USD ; Gold Price Per Kilo. $104,062.24 USD, - ($3,498.00) USD.",
      "source": "serpapi",
      "timestamp": "2025-05-12T12:34:55.580051",
      "sentiment": "neutral"
    },
    {
      "topic": "central bank gold reserve",
      "title": "Central Banks Gold Reserves by Country",
      "url": "https://www.gold.org/goldhub/data/gold-reserves-by-country",
      "snippet": "Gold is an important component of central bank reserves because of its safety, liquidity and return characteristics \u2013 the three key ...",
      "source": "serpapi",
      "timestamp": "2025-05-12T12:34:56.021004",
      "sentiment": "positive"
    },
    {
      "topic": "central bank gold reserve",
      "title": "Gold reserve",
      "url": "https://en.wikipedia.org/wiki/Gold_reserve",
      "snippet": "A gold reserve is the gold held by a national central bank, intended mainly as a guarantee to redeem promises to pay depositors, note holders",
      "source": "serpapi",
      "timestamp": "2025-05-12T12:34:56.021151",
      "sentiment": "neutral"
    },
    {
      "topic": "central bank gold reserve",
      "title": "Top 10 Central Bank Gold Reserves | INN",
      "url": "https://investingnews.com/daily/resource-investing/precious-metals-investing/gold-investing/top-central-bank-gold-holdings/",
      "snippet": "Top 10 Central Bank Gold Reserves \u00b7 1. United States \u00b7 2. Germany \u00b7 3. Italy \u00b7 4. France \u00b7 5. Russia \u00b7 6. China \u00b7 7. Switzerland \u00b7 8. India.",
      "source": "serpapi",
      "timestamp": "2025-05-12T12:34:56.021243",
      "sentiment": "positive"
    },
    {
      "topic": "central bank gold reserve",
      "title": "Central Banks - Gold Demand Trends: Q1 2025",
      "url": "https://www.gold.org/goldhub/research/gold-demand-trends/gold-demand-trends-q1-2025/central-banks",
      "snippet": "Central banks' bullion bonanza continues in 2025. Central banks' net purchases totalled 244t in Q1; The National Bank of Poland accelerated its ...",
      "source": "serpapi",
      "timestamp": "2025-05-12T12:34:56.021333",
      "sentiment": "neutral"
    },
    {
      "topic": "central bank gold reserve",
      "title": "Top 10 Central Bank Gold Reserves",
      "url": "https://www.nasdaq.com/articles/top-10-central-bank-gold-reserves",
      "snippet": "Global central banks own about 17 percent of all the gold ever mined, with reserves topping 37,755 metric tons (MT) at the end of 2024.",
      "source": "serpapi",
      "timestamp": "2025-05-12T12:34:56.021420",
      "sentiment": "neutral"
    },
    {
      "topic": "central bank gold reserve",
      "title": "Gold Reserves - Countries - List",
      "url": "https://tradingeconomics.com/country-list/gold-reserves",
      "snippet": "This page displays a table with actual values, consensus figures, forecasts, statistics and historical data charts for - Gold Reserves.",
      "source": "serpapi",
      "timestamp": "2025-05-12T12:34:56.021512",
      "sentiment": "neutral"
    },
    {
      "topic": "central bank gold reserve",
      "title": "The Role of Gold in Central Bank Reserves | Alchemist",
      "url": "https://www.lbma.org.uk/alchemist/alchemist-110/the-role-of-gold-in-central-bank-reserves",
      "snippet": "Gold's status as a currency is therefore borne out by the fact that bullion is counted as part of a central bank's foreign exchange reserves. It is the only ...",
      "source": "serpapi",
      "timestamp": "2025-05-12T12:34:56.021600",
      "sentiment": "neutral"
    },
    {
      "topic": "central bank gold reserve",
      "title": "Reserves, Gold - Economic Data Series | FRED | St. Louis Fed",
      "url": "https://fred.stlouisfed.org/tags/series?t=gold%3Breserves",
      "snippet": "82 economic data series with tags: Reserves, Gold. FRED: Download, graph, and track economic data.",
      "source": "serpapi",
      "timestamp": "2025-05-12T12:34:56.021688",
      "sentiment": "neutral"
    },
    {
      "topic": "trade tariffs",
      "title": "US and China agree to drastically roll back tariffs in major ...",
      "url": "https://www.cnn.com/2025/05/12/business/us-china-trade-deal-announcement-intl-hnk",
      "snippet": "That effectively means the US will temporarily lower its overall tariffs on Chinese goods from 145% to 30%, while China will cut its levies on ...",
      "source": "serpapi",
      "timestamp": "2025-05-12T12:34:56.450983",
      "sentiment": "negative"
    },
    {
      "topic": "trade tariffs",
      "title": "The U.S. and China announce a deal to cut tariffs ...",
      "url": "https://www.npr.org/2025/05/12/nx-s1-5395027/us-china-tariffs-deal-trade-war-beijing-washington",
      "snippet": "American levies on Chinese goods will drop from at least 145% to 30% for an initial period of 90 days, while Chinese levies are set to fall ...",
      "source": "serpapi",
      "timestamp": "2025-05-12T12:34:56.451119",
      "sentiment": "neutral"
    },
    {
      "topic": "trade tariffs",
      "title": "U.S. and China to ease tariffs significantly for 90 days ...",
      "url": "https://www.cbsnews.com/news/us-china-tariffs-deal-90-days-trump-admin-trade-talks-progress/",
      "snippet": "The White House says the U.S. and China have agreed to suspend for 90 days most of the tariffs imposed against each other over the last ...",
      "source": "serpapi",
      "timestamp": "2025-05-12T12:34:56.451209",
      "sentiment": "neutral"
    },
    {
      "topic": "trade tariffs",
      "title": "U.S. and China agree to slash reciprocal tariffs in major ...",
      "url": "https://www.nbcnews.com/world/asia/tariffs-china-trump-agree-slash-levies-duties-business-markets-bessent-rcna206193",
      "snippet": "The U.S. and China said they had agreed to a 90-day pause on most of the tariffs they have imposed on each other since last month.",
      "source": "serpapi",
      "timestamp": "2025-05-12T12:34:56.451297",
      "sentiment": "positive"
    },
    {
      "topic": "trade tariffs",
      "title": "US and China to slash tariffs for 90 days after talks yielded ' ...",
      "url": "https://finance.yahoo.com/news/us-and-china-to-slash-tariffs-for-90-days-after-talks-yielded-substantial-progress-170648185.html",
      "snippet": "Two days of high-stakes talks between the US and China have led to a 90-day pause on tariffs, with duties set to drop by 115% on both sides ...",
      "source": "serpapi",
      "timestamp": "2025-05-12T12:34:56.451385",
      "sentiment": "neutral"
    },
    {
      "topic": "trade tariffs",
      "title": "US and China announce agreement to cut reciprocal tariffs for ...",
      "url": "https://abcnews.go.com/US/us-china-announce-deal-cut-reciprocal-tariffs-90/story?id=121702514",
      "snippet": "The U.S. and China issued a joint statement on Monday announcing an agreement to cut reciprocal tariffs for 90 days.",
      "source": "serpapi",
      "timestamp": "2025-05-12T12:34:56.451475",
      "sentiment": "neutral"
    },
    {
      "topic": "trade tariffs",
      "title": "US-China tariffs agreement following trade talks",
      "url": "https://www.cnn.com/politics/live-news/us-china-tariffs-trade-talks-trump-05-12-25",
      "snippet": "The US and China agreed to sharply reduce tariffs for 90 days, easing trade tensions and boosting global markets. Follow for live updates.",
      "source": "serpapi",
      "timestamp": "2025-05-12T12:34:56.451562",
      "sentiment": "neutral"
    },
    {
      "topic": "trade tariffs",
      "title": "US and China agree to slash tariffs for 90 days",
      "url": "https://www.bbc.com/news/articles/czx0ry7kdk5o",
      "snippet": "US Treasury Secretary Scott Bessent says both countries will lower their reciprocal tariffs by 115% for 90 days.",
      "source": "serpapi",
      "timestamp": "2025-05-12T12:34:56.451649",
      "sentiment": "neutral"
    },
    {
      "topic": "economic sanctions",
      "title": "What Are Economic Sanctions?",
      "url": "https://www.cfr.org/backgrounder/what-are-economic-sanctions",
      "snippet": "Economic sanctions are defined as the withdrawal of customary trade and financial relations for foreign- and security-policy purposes.",
      "source": "serpapi",
      "timestamp": "2025-05-12T12:34:56.861026",
      "sentiment": "neutral"
    },
    {
      "topic": "economic sanctions",
      "title": "Sanctions Programs and Country Information",
      "url": "https://ofac.treasury.gov/sanctions-programs-and-country-information",
      "snippet": "The sanctions can be either comprehensive or selective, using the blocking of assets and trade restrictions to accomplish foreign policy and national security ...",
      "source": "serpapi",
      "timestamp": "2025-05-12T12:34:56.861178",
      "sentiment": "negative"
    },
    {
      "topic": "economic sanctions",
      "title": "Economic Sanctions: An Overview",
      "url": "https://www.usitc.gov/sites/default/files/publications/332/executive_briefings/ebot_economic_sanctions_overview.pdf",
      "snippet": "Definition. Economic sanctions (hereunder, \u201csanctions\u201d) are often defined as \u201c...the deliberate, government- inspired withdrawal, or threat of withdrawal, ...",
      "source": "serpapi",
      "timestamp": "2025-05-12T12:34:56.861272",
      "sentiment": "neutral"
    },
    {
      "topic": "economic sanctions",
      "title": "US Economic Sanctions: Their Impact on Trade, Jobs, and ...",
      "url": "https://www.piie.com/publications/working-papers/us-economic-sanctions-their-impact-trade-jobs-and-wages",
      "snippet": "The OECD results suggest that extensive sanctions lower exports by 78 percent, while limited to modest sanctions reduce exports by 21 percent to 33 percent.",
      "source": "serpapi",
      "timestamp": "2025-05-12T12:34:56.861361",
      "sentiment": "neutral"
    },
    {
      "topic": "economic sanctions",
      "title": "Economic Sanctions Policy and Implementation",
      "url": "https://www.state.gov/economic-sanctions-policy-and-implementation/",
      "snippet": "The Office of Economic Sanctions Policy and Implementation (TFS/SPI) maintains and enforces sanctions to maximize their economic impact on our targets and ...",
      "source": "serpapi",
      "timestamp": "2025-05-12T12:34:56.861449",
      "sentiment": "neutral"
    },
    {
      "topic": "economic sanctions",
      "title": "Economic sanctions on countries are indiscriminate ...",
      "url": "https://pmc.ncbi.nlm.nih.gov/articles/PMC8679062/",
      "snippet": "Economic sanctions are usually applied by governments or the United Nations Security Council (UNSC) to individuals, companies or countries.",
      "source": "serpapi",
      "timestamp": "2025-05-12T12:34:56.861629",
      "sentiment": "neutral"
    },
    {
      "topic": "economic sanctions",
      "title": "Economic Sanctions and Restricted Parties | Columbia",
      "url": "https://research.columbia.edu/economic-sanctions-and-restricted-parties",
      "snippet": "The U.S. Treasury Department's Office of Foreign Assets Control (\u201cOFAC\u201d) maintains sanctions against certain countries, industries, entities and individuals.",
      "source": "serpapi",
      "timestamp": "2025-05-12T12:34:56.861727",
      "sentiment": "neutral"
    }
  ],
  "total_posts_analyzed": 70
}