{
  "timestamp": "2025-05-10T20:23:13.456194",
  "symbol": "sol",
  "average_sentiment_score": 0.0,
  "fear_greed_index": [
    {
      "value": 70,
      "classification": "Greed",
      "timestamp_unix": 1746835200,
      "datetime": "2025-05-10T00:00:00"
    }
  ],
  "dxy_strength_score": null,
  "macro_news_sentiment": [
    {
      "title": "Michelle Obama: How I taught my kids to solve their own problems",
      "url": "https://www.cnbc.com/2025/05/10/michelle-obama-how-i-taught-my-kids-to-solve-their-own-problems.html",
      "source": "cnbc",
      "timestamp": "2025-05-10T20:22:24.032398",
      "sentiment": "neutral"
    },
    {
      "title": "German finance minister says trust not yet broken with U.S., prefers zero-for-zero tariff solution",
      "url": "https://www.cnbc.com/2025/04/24/german-finance-minister-prefers-zero-for-zero-tariff-solution.html",
      "source": "cnbc",
      "timestamp": "2025-05-10T20:22:26.172544",
      "sentiment": "neutral"
    },
    {
      "title": "Bird flu (avian influenza): latest situation in England",
      "url": "https://www.gov.uk/government/announcements",
      "country": "UK",
      "source": "government",
      "scraped_at": "2025-05-10T20:23:02.741042",
      "sentiment": "neutral"
    },
    {
      "title": "PM remarks at press conference in Kyiv: 10 May 2025",
      "url": "https://www.gov.uk/government/announcements",
      "country": "UK",
      "source": "government",
      "scraped_at": "2025-05-10T20:23:02.741236",
      "sentiment": "neutral"
    },
    {
      "title": "G7 Foreign Ministers\u2019 statement on India and Pakistan",
      "url": "https://www.gov.uk/government/announcements",
      "country": "UK",
      "source": "government",
      "scraped_at": "2025-05-10T20:23:02.741291",
      "sentiment": "neutral"
    },
    {
      "title": "Prime Minister\u2019s remarks at the London Defence Conference: 8 May 2025",
      "url": "https://www.gov.uk/government/announcements",
      "country": "UK",
      "source": "government",
      "scraped_at": "2025-05-10T20:23:02.741336",
      "sentiment": "neutral"
    },
    {
      "title": "PM meeting with Prime Minister St\u00f8re\u202f of Norway: 9 May 2025",
      "url": "https://www.gov.uk/government/announcements",
      "country": "UK",
      "source": "government",
      "scraped_at": "2025-05-10T20:23:02.741379",
      "sentiment": "neutral"
    },
    {
      "title": "Thompsons Lecture: Employment law and the fundamental right to security",
      "url": "https://www.gov.uk/government/announcements",
      "country": "UK",
      "source": "government",
      "scraped_at": "2025-05-10T20:23:02.741423",
      "sentiment": "positive"
    },
    {
      "title": "First HS2 rail tunnel breakthrough completed in Birmingham, as project reaches latest milestone",
      "url": "https://www.gov.uk/government/announcements",
      "country": "UK",
      "source": "government",
      "scraped_at": "2025-05-10T20:23:02.741466",
      "sentiment": "positive"
    },
    {
      "title": "Violent man\u2019s sentence increased after fatal stabbing",
      "url": "https://www.gov.uk/government/announcements",
      "country": "UK",
      "source": "government",
      "scraped_at": "2025-05-10T20:23:02.741509",
      "sentiment": "negative"
    },
    {
      "title": "East Yorkshire Solar Farm development consent decision announced",
      "url": "https://www.gov.uk/government/announcements",
      "country": "UK",
      "source": "government",
      "scraped_at": "2025-05-10T20:23:02.741552",
      "sentiment": "neutral"
    },
    {
      "title": "How to submit applications and complaints to the CAC",
      "url": "https://www.gov.uk/government/announcements",
      "country": "UK",
      "source": "government",
      "scraped_at": "2025-05-10T20:23:02.741595",
      "sentiment": "neutral"
    },
    {
      "topic": "global economy",
      "title": "Global economy, world economy | TheGlobalEconomy.com",
      "url": "https://www.theglobaleconomy.com/",
      "snippet": "Information on the global economy with data on over 400 indicators, updated regularly, for over 200 countries as well as interactive tools, articles, ...",
      "source": "serpapi",
      "timestamp": "2025-05-10T20:23:03.418398",
      "sentiment": "neutral"
    },
    {
      "topic": "global economy",
      "title": "World economy",
      "url": "https://en.wikipedia.org/wiki/World_economy",
      "snippet": "The world economy or global economy is the economy of all humans in the world, referring to the global economic system.",
      "source": "serpapi",
      "timestamp": "2025-05-10T20:23:03.418555",
      "sentiment": "neutral"
    },
    {
      "topic": "global economy",
      "title": "The Global Economy Enters a New Era",
      "url": "https://www.imf.org/en/Blogs/Articles/2025/04/22/the-global-economy-enters-a-new-era",
      "snippet": "Risks to the global economy have increased, and worsening trade tensions could further depress growth. Financial conditions could tighten ...",
      "source": "serpapi",
      "timestamp": "2025-05-10T20:23:03.418637",
      "sentiment": "neutral"
    },
    {
      "topic": "global economy",
      "title": "Global Economy",
      "url": "https://www.ft.com/global-economy",
      "snippet": "News and top stories on the state of the global economy. The latest economic data, reports and updates from countries around the world, on jobs, trade, ...",
      "source": "serpapi",
      "timestamp": "2025-05-10T20:23:03.418714",
      "sentiment": "positive"
    },
    {
      "topic": "global economy",
      "title": "Global Economic Prospects",
      "url": "https://www.worldbank.org/en/publication/global-economic-prospects",
      "snippet": "Global growth is expected to hold steady at 2.7 percent in 2025-26. However, the global economy appears to be settling at a low growth rate.",
      "source": "serpapi",
      "timestamp": "2025-05-10T20:23:03.418928",
      "sentiment": "neutral"
    },
    {
      "topic": "global economy",
      "title": "Global Weekly Economic Update | Deloitte Insights",
      "url": "https://www2.deloitte.com/us/en/insights/economy/global-economic-outlook/weekly-update.html",
      "snippet": "What's happening this week in economics? Deloitte's team of economists examines news and trends from around the world.",
      "source": "serpapi",
      "timestamp": "2025-05-10T20:23:03.419014",
      "sentiment": "neutral"
    },
    {
      "topic": "global economy",
      "title": "THE GLOBAL ECONOMY | English meaning",
      "url": "https://dictionary.cambridge.org/dictionary/english/global-economy",
      "snippet": "THE GLOBAL ECONOMY definition: the system of industry and trade around the world that has developed as the result of globalization\u2026. Learn more.",
      "source": "serpapi",
      "timestamp": "2025-05-10T20:23:03.419093",
      "sentiment": "neutral"
    },
    {
      "topic": "global economy",
      "title": "World Economic Outlook - All Issues",
      "url": "https://www.imf.org/en/Publications/WEO",
      "snippet": "Description: The January 2023 World Economic Outlook Update projects that global growth will fall to 2.9 percent in 2023 but rise to 3.1 percent in 2024. The ...",
      "source": "serpapi",
      "timestamp": "2025-05-10T20:23:03.419169",
      "sentiment": "neutral"
    },
    {
      "topic": "global economy",
      "title": "How does the global economy work?",
      "url": "https://www.edology.com/blog/accounting-finance/how-does-global-economy-work",
      "snippet": "The global economy refers to the interconnected worldwide economic activities that take place between multiple countries. These economic activities can have ...",
      "source": "serpapi",
      "timestamp": "2025-05-10T20:23:03.419247",
      "sentiment": "neutral"
    },
    {
      "topic": "geopolitical tensions",
      "title": "Top Geopolitical Risks of 2025",
      "url": "https://www.spglobal.com/en/research-insights/market-insights/geopolitical-risk",
      "snippet": "The world is changing. Geopolitical fragmentation is being fueled by COVID-19, the war in Ukraine, U.S.-China relations and more.",
      "source": "serpapi",
      "timestamp": "2025-05-10T20:23:04.052716",
      "sentiment": "neutral"
    },
    {
      "topic": "geopolitical tensions",
      "title": "How are geopolitical risks affecting the world economy?",
      "url": "https://www.economicsobservatory.com/how-are-geopolitical-risks-affecting-the-world-economy",
      "snippet": "Geopolitical risks posed by elections, polarisation and conflicts within and between states have inevitable knock-on effects on the economy, both globally and ...",
      "source": "serpapi",
      "timestamp": "2025-05-10T20:23:04.052875",
      "sentiment": "neutral"
    },
    {
      "topic": "geopolitical tensions",
      "title": "How Geopolitical Risks Influence the Global Community",
      "url": "https://geopoliticalfutures.com/risk/",
      "snippet": "Geopolitical risks are defined as the potential political, economic, military, and social risks that can emerge from a nation's involvement in international ...",
      "source": "serpapi",
      "timestamp": "2025-05-10T20:23:04.052960",
      "sentiment": "neutral"
    },
    {
      "topic": "geopolitical tensions",
      "title": "Geopolitical tensions - (AP World History: Modern)",
      "url": "https://library.fiveable.me/key-terms/ap-world/geopolitical-tensions",
      "snippet": "Geopolitical tensions refer to conflicts and rivalries between nations or regions that arise from their geographical, political, and economic interests.",
      "source": "serpapi",
      "timestamp": "2025-05-10T20:23:04.053036",
      "sentiment": "neutral"
    },
    {
      "topic": "geopolitical tensions",
      "title": "Geopolitical Risk Dashboard | BlackRock Investment Institute",
      "url": "https://www.blackrock.com/corporate/insights/blackrock-investment-institute/interactive-charts/geopolitical-risk-dashboard",
      "snippet": "Top 10 risks by likelihood ; Middle East regional war, Regional conflict escalates, threatening energy infrastructure and increasing volatility.",
      "source": "serpapi",
      "timestamp": "2025-05-10T20:23:04.053117",
      "sentiment": "neutral"
    },
    {
      "topic": "geopolitical tensions",
      "title": "Top geopolitical risks 2025",
      "url": "https://kpmg.com/xx/en/our-insights/risk-and-regulation/top-risks-forecast-2025.html",
      "snippet": "Geopolitical rivalries, trade protectionism, conflict, competition for resources, cyberattacks and climate events place severe strains on ...",
      "source": "serpapi",
      "timestamp": "2025-05-10T20:23:04.053197",
      "sentiment": "neutral"
    },
    {
      "topic": "geopolitical tensions",
      "title": "Beyond borders: Assessing the influence of Geopolitical ...",
      "url": "https://www.sciencedirect.com/science/article/pii/S0176268024000521",
      "snippet": "We find that geopolitical tensions and global uncertainty in border countries contribute to the rise of European country's sovereign risk.",
      "source": "serpapi",
      "timestamp": "2025-05-10T20:23:04.053272",
      "sentiment": "neutral"
    },
    {
      "topic": "geopolitical tensions",
      "title": "Geopolitical conflict and its impact on global markets",
      "url": "https://www.usbank.com/investing/financial-perspectives/market-news/russia-ukraine-global-market.html",
      "snippet": "Increasing global tensions tied to trade tensions and ongoing geopolitical conflicts contributed to investor uncertainty about near-term ...",
      "source": "serpapi",
      "timestamp": "2025-05-10T20:23:04.053348",
      "sentiment": "neutral"
    },
    {
      "topic": "crypto adoption",
      "title": "2024 Global Crypto Adoption Index",
      "url": "https://www.chainalysis.com/blog/2024-global-crypto-adoption-index/",
      "snippet": "In each year's report, we look at both on- and off-chain data to determine which countries are leading the world in grassroots crypto adoption.",
      "source": "serpapi",
      "timestamp": "2025-05-10T20:23:04.753986",
      "sentiment": "neutral"
    },
    {
      "topic": "crypto adoption",
      "title": "Crypto users worldwide 2016-2025",
      "url": "https://www.statista.com/statistics/1202503/global-cryptocurrency-user-base/",
      "snippet": "The global user base of cryptocurrencies increased by nearly 190 percent between 2018 and 2020, only to accelerate further in 2022.",
      "source": "serpapi",
      "timestamp": "2025-05-10T20:23:04.754163",
      "sentiment": "neutral"
    },
    {
      "topic": "crypto adoption",
      "title": "The 2023 Global Crypto Adoption Index",
      "url": "https://www.chainalysis.com/blog/2023-global-crypto-adoption-index/",
      "snippet": "The goal of the index is simple: We combine on-chain data and real-world data to measure which countries are leading the world in grassroots crypto adoption.",
      "source": "serpapi",
      "timestamp": "2025-05-10T20:23:04.754252",
      "sentiment": "neutral"
    },
    {
      "topic": "crypto adoption",
      "title": "2025 Cryptocurrency Adoption and Consumer Sentiment ...",
      "url": "https://www.security.org/digital-security/cryptocurrency-annual-consumer-report/",
      "snippet": "We conducted our annual cryptocurrency study to see what Americans think about cryptocurrency adoption, regulation, and security at the start of 2025.",
      "source": "serpapi",
      "timestamp": "2025-05-10T20:23:04.754332",
      "sentiment": "neutral"
    },
    {
      "topic": "crypto adoption",
      "title": "2024 Crypto Adoption and Illicit Exposure Report",
      "url": "https://www.trmlabs.com/resources/reports/2024-crypto-adoption-and-illicit-activity-report",
      "snippet": "The 2024 Crypto Adoption and Illicit Exposure Report report examines the shifts and trends shaping cryptocurrency adoption around the world.",
      "source": "serpapi",
      "timestamp": "2025-05-10T20:23:04.754422",
      "sentiment": "neutral"
    },
    {
      "topic": "crypto adoption",
      "title": "Crypto Adoption Index | Crypto Wealth Report",
      "url": "https://www.henleyglobal.com/publications/crypto-wealth-report/crypto-adoption-index",
      "snippet": "The Crypto Adoption Index assesses investment migration options for crypto investors who want to craft a portfolio of alternative residence permits and ...",
      "source": "serpapi",
      "timestamp": "2025-05-10T20:23:04.754521",
      "sentiment": "neutral"
    },
    {
      "topic": "crypto adoption",
      "title": "Global surge: exploring cryptocurrency adoption with ...",
      "url": "https://jfin-swufe.springeropen.com/articles/10.1186/s40854-025-00765-0",
      "snippet": "Our findings reveal that cryptocurrency adoption is significantly influenced by economic instability, infrastructure availability, and spatial ...",
      "source": "serpapi",
      "timestamp": "2025-05-10T20:23:04.754618",
      "sentiment": "neutral"
    },
    {
      "topic": "crypto adoption",
      "title": "Cryptocurrency Ownership Data - Triple-A",
      "url": "https://www.triple-a.io/cryptocurrency-ownership-data/cryptocurrency-ownership-data",
      "snippet": "As of 2024, we estimated global cryptocurrency ownership rates at an average of 6.8%, with over 560 million cryptocurrencies users worldwide.",
      "source": "serpapi",
      "timestamp": "2025-05-10T20:23:04.754715",
      "sentiment": "neutral"
    },
    {
      "topic": "crypto ban",
      "title": "Legality of cryptocurrency by country or territory",
      "url": "https://en.wikipedia.org/wiki/Legality_of_cryptocurrency_by_country_or_territory",
      "snippet": "Afghanistan. Illegal. In August 2022 Taliban banned trading in cryptocurrencies. \u00b7 Kyrgyzstan. Legal. Bitcoin is considered a commodity, not a security or ...",
      "source": "serpapi",
      "timestamp": "2025-05-10T20:23:05.412362",
      "sentiment": "negative"
    },
    {
      "topic": "crypto ban",
      "title": "10 Countries Where Crypto Remains Banned in 2025",
      "url": "https://www.ccn.com/education/crypto/10-countries-where-crypto-remains-banned/",
      "snippet": "10 Countries Where Crypto Remains Banned in 2025 \u00b7 1. China \u00b7 2. Egypt \u00b7 3. Algeria \u00b7 4. Bangladesh \u00b7 5. Nepal \u00b7 6. Afghanistan \u00b7 7. Morocco \u00b7 8 ...",
      "source": "serpapi",
      "timestamp": "2025-05-10T20:23:05.412546",
      "sentiment": "neutral"
    },
    {
      "topic": "crypto ban",
      "title": "Donald Trump fulfills promise to crypto community, bans ...",
      "url": "https://indianexpress.com/article/technology/donald-trump-cbdc-ban-cryptocurrencies-stablecoins-9796358/",
      "snippet": "US President Donald Trump has signed an executive order banning the creation and issuance of Central Bank Digital Currency (CBDC) in the US.",
      "source": "serpapi",
      "timestamp": "2025-05-10T20:23:05.412634",
      "sentiment": "neutral"
    },
    {
      "topic": "crypto ban",
      "title": "Crypto Tracing, China's Crypto Ban, and Potential Global ...",
      "url": "https://www.thinkbrg.com/thinkset/ts-crypto-tracing-china-crypto-ban-global-regulation/",
      "snippet": "China has taken a particularly tough stance, banning cryptocurrency exchanges and ICOs in 2017. However, some reports suggest that the country is now exploring ...",
      "source": "serpapi",
      "timestamp": "2025-05-10T20:23:05.412715",
      "sentiment": "negative"
    },
    {
      "topic": "crypto ban",
      "title": "Why China had to \u201cBan\u201d Cryptocurrency but the U.S. did not",
      "url": "https://openscholarship.wustl.edu/law_globalstudies/vol18/iss2/9/",
      "snippet": "While China explicitly banned any exchange or financing activities between fiat money and \u201ccoin substitution\u201d in 2017, the US has placed cryptocurrencies ...",
      "source": "serpapi",
      "timestamp": "2025-05-10T20:23:05.412793",
      "sentiment": "neutral"
    },
    {
      "topic": "crypto ban",
      "title": "Banano price today, BAN to USD live price, marketcap ...",
      "url": "https://coinmarketcap.com/currencies/banano/",
      "snippet": "The live Banano price today is $0.001988 USD with a 24-hour trading volume of $4247.35 USD. We update our BAN to USD price in real-time.",
      "source": "serpapi",
      "timestamp": "2025-05-10T20:23:05.412871",
      "sentiment": "neutral"
    },
    {
      "topic": "crypto ban",
      "title": "Crypto Ban",
      "url": "https://www.coindesk.com/tag/crypto-ban",
      "snippet": "Russia's central bank said in a report released Thursday the country must make crypto trading, mining, and usage illegal. CoinDesk reporter Anna Baydakova ...",
      "source": "serpapi",
      "timestamp": "2025-05-10T20:23:05.412947",
      "sentiment": "negative"
    },
    {
      "topic": "crypto ban",
      "title": "Tackling the risks in crypto: Choosing among bans ...",
      "url": "https://www.sciencedirect.com/science/article/pii/S0889158323000412",
      "snippet": "An extreme option is banning crypto activities in their entirety, while a less extreme one would be to ban crypto activities in a targeted manner. The pros and ...",
      "source": "serpapi",
      "timestamp": "2025-05-10T20:23:05.413029",
      "sentiment": "negative"
    },
    {
      "topic": "crypto regulation",
      "title": "Cryptocurrency Regulation: A Guide to U.S. & Global Policies",
      "url": "https://www.britannica.com/money/cryptocurrency-regulation",
      "snippet": "Regulations for crypto are the legal and procedural frameworks that governments enact to shape many different aspects of digital assets.",
      "source": "serpapi",
      "timestamp": "2025-05-10T20:23:06.642569",
      "sentiment": "positive"
    },
    {
      "topic": "crypto regulation",
      "title": "Crypto regulation bill fails to advance in the Senate",
      "url": "https://www.cnbc.com/2025/05/08/senate-stablecoin-vote-democrats.html",
      "snippet": "Dubbed the GENIUS Act, the bill needed 60 votes to move to the Senate floor for final passage. The final tally was 48 in favor and 49 against.",
      "source": "serpapi",
      "timestamp": "2025-05-10T20:23:06.642755",
      "sentiment": "neutral"
    },
    {
      "topic": "crypto regulation",
      "title": "Regulating crypto: Why, how, and who | ...",
      "url": "https://www.brookings.edu/collection/regulating-crypto-why-how-and-who/",
      "snippet": "Allen cautioned against bringing crypto into the regulatory system for fear of giving investors false guarantees around the quality of these assets and markets.",
      "source": "serpapi",
      "timestamp": "2025-05-10T20:23:06.642947",
      "sentiment": "neutral"
    },
    {
      "topic": "crypto regulation",
      "title": "Crypto Task Force",
      "url": "https://www.sec.gov/about/crypto-task-force",
      "snippet": "The Crypto Task Force will help to draw clear regulatory lines, appropriately distinguish securities from non-securities, craft tailored disclosure frameworks, ...",
      "source": "serpapi",
      "timestamp": "2025-05-10T20:23:06.643059",
      "sentiment": "positive"
    },
    {
      "topic": "crypto regulation",
      "title": "Recent Developments Raise Significant Questions about ...",
      "url": "https://www.moneylaunderingnews.com/2025/03/recent-developments-raise-significant-questions-about-the-future-of-regulation-and-enforcement-of-cryptocurrency/",
      "snippet": "Clearing Agencies and Transfer Agents: The Task Force hopes to improve the intersection of crypto, clearing agency and transfer rules.",
      "source": "serpapi",
      "timestamp": "2025-05-10T20:23:06.643158",
      "sentiment": "neutral"
    },
    {
      "topic": "crypto regulation",
      "title": "Blockchain & Cryptocurrency Laws & Regulations 2025",
      "url": "https://www.globallegalinsights.com/practice-areas/blockchain-cryptocurrency-laws-and-regulations/usa/",
      "snippet": "The US chapter of GLI - Blockchain covers government attitude and definition, cryptocurrency regulation, sales regulation, promotion, mining, and more.",
      "source": "serpapi",
      "timestamp": "2025-05-10T20:23:06.643260",
      "sentiment": "neutral"
    },
    {
      "topic": "SEC ruling crypto",
      "title": "Crypto Assets",
      "url": "https://www.sec.gov/securities-topics/crypto-assets",
      "snippet": "To settle the SEC's charges, Nexo agreed to pay a $22.5 million penalty and cease its unregistered offer and sale of the EIP to U.S. investors. 1/19/2023. SEC v ...",
      "source": "serpapi",
      "timestamp": "2025-05-10T20:23:07.330033",
      "sentiment": "neutral"
    },
    {
      "topic": "SEC ruling crypto",
      "title": "SEC settles case with crypto firm with ties to the White House ...",
      "url": "https://abcnews.go.com/Politics/sec-settles-case-crypto-firm-ties-white-house/story?id=121650659",
      "snippet": "The agreement would allow the company to recover $75 million in fines. ByOlivia Rubin. May 9, 2025, 2:47 PM.",
      "source": "serpapi",
      "timestamp": "2025-05-10T20:23:07.330204",
      "sentiment": "neutral"
    },
    {
      "topic": "SEC ruling crypto",
      "title": "Statement on the Agency's Settlement with Ripple Labs, Inc.",
      "url": "https://www.sec.gov/newsroom/speeches-statements/crenshaw-statement-ripple-050825",
      "snippet": "In December of 2020, under then-Chairman Jay Clayton, the SEC sued Ripple Labs, Inc. for failing to register its crypto tokens as required ...",
      "source": "serpapi",
      "timestamp": "2025-05-10T20:23:07.330312",
      "sentiment": "neutral"
    },
    {
      "topic": "SEC ruling crypto",
      "title": "Crypto Task Force",
      "url": "https://www.sec.gov/about/crypto-task-force",
      "snippet": "The Crypto Task Force seeks to provide clarity on the application of the federal securities laws to the crypto asset market and to recommend practical policy ...",
      "source": "serpapi",
      "timestamp": "2025-05-10T20:23:07.330411",
      "sentiment": "neutral"
    },
    {
      "topic": "SEC ruling crypto",
      "title": "Offerings and Registrations of Securities in the Crypto ...",
      "url": "https://www.sec.gov/newsroom/speeches-statements/cf-crypto-securities-041025",
      "snippet": "SEC rules require an issuer to provide a materially complete description of its securities.[15] The specific disclosure depends on the ...",
      "source": "serpapi",
      "timestamp": "2025-05-10T20:23:07.330509",
      "sentiment": "neutral"
    },
    {
      "topic": "SEC ruling crypto",
      "title": "SEC wants to resolve long-running case against crypto firm ...",
      "url": "https://www.complianceweek.com/regulatory-policy/sec-wants-to-resolve-long-running-case-against-crypto-firm-ripple-labs-for-50m/36001.article",
      "snippet": "The proposed joint settlement, announced Thursday by the SEC, would fine Ripple Labs $50 million out of the $125 million in escrow set aside in ...",
      "source": "serpapi",
      "timestamp": "2025-05-10T20:23:07.330611",
      "sentiment": "positive"
    },
    {
      "topic": "SEC ruling crypto",
      "title": "SEC dismantling crypto enforcement: commissioner",
      "url": "https://www.investmentexecutive.com/news/from-the-regulators/sec-dismantling-crypto-enforcement-commissioner/",
      "snippet": "As a result, it imposed permanent injunctions against the company and ordered a US$125-million penalty. Both sides were appealing the verdict.",
      "source": "serpapi",
      "timestamp": "2025-05-10T20:23:07.330711",
      "sentiment": "neutral"
    },
    {
      "topic": "SEC ruling crypto",
      "title": "SEC, Ripple Ink $50M Settlement Agreement, Ask NY ...",
      "url": "https://www.coindesk.com/policy/2025/05/08/sec-ripple-ink-usd50m-settlement-agreement-ask-ny-judge-for-green-light",
      "snippet": "Ripple Labs and the SEC have reached a settlement that includes a $50 million penalty, pending judicial approval, ending their long-standing ...",
      "source": "serpapi",
      "timestamp": "2025-05-10T20:23:07.330950",
      "sentiment": "neutral"
    },
    {
      "topic": "court decision cryptocurrency",
      "title": "Crypto in the Courts: Five Cases Reshaping Digital Asset ...",
      "url": "https://katten.com/crypto-in-the-courts-five-cases-reshaping-digital-asset-regulation-in-2025",
      "snippet": "This article examines five cases that may define the future of digital asset regulation in the United States and sets out the issues at stake in those cases.",
      "source": "serpapi",
      "timestamp": "2025-05-10T20:23:07.988611",
      "sentiment": "neutral"
    },
    {
      "topic": "court decision cryptocurrency",
      "title": "Cryptocurrency, Sweepstakes, and the Supreme Court",
      "url": "https://www.consumerfinancialserviceslawmonitor.com/2024/05/cryptocurrency-sweepstakes-and-the-supreme-court-a-tale-of-two-contracts/",
      "snippet": "The decision teaches a cautionary lesson that parties with multiple contracts between them must keep issues of arbitrability consistent between the contracts.",
      "source": "serpapi",
      "timestamp": "2025-05-10T20:23:07.988764",
      "sentiment": "positive"
    },
    {
      "topic": "court decision cryptocurrency",
      "title": "Third Circuit Coinbase Decision Pressures SEC on Crypto ...",
      "url": "https://www.ropesgray.com/en/insights/alerts/2025/01/third-circuit-coinbase-decision-pressures-sec-on-crypto-rulemaking",
      "snippet": "Court's Findings \u00b7 The SEC's disagreement with Coinbase on the application of existing securities laws to digital assets was not well-reasoned.",
      "source": "serpapi",
      "timestamp": "2025-05-10T20:23:07.988863",
      "sentiment": "neutral"
    },
    {
      "topic": "court decision cryptocurrency",
      "title": "Court Publishes Decision on Mandatory Arbitration Provisions ...",
      "url": "https://consumerlaw.berkeley.edu/news/court-publishes-decision-mandatory-arbitration-provisions-crypto-industry-and-beyond",
      "snippet": "The opinion establishes a clear blueprint for how to successfully bring claims against abusive cryptocurrency companies for violating consumer ...",
      "source": "serpapi",
      "timestamp": "2025-05-10T20:23:07.988960",
      "sentiment": "neutral"
    },
    {
      "topic": "court decision cryptocurrency",
      "title": "precedential",
      "url": "https://www2.ca3.uscourts.gov/opinarch/233202p.pdf",
      "snippet": "At a minimum, the SEC claimed that a digital asset is a security, and thus subject to the federal securities laws, if it is an \u201cinvestment ...",
      "source": "serpapi",
      "timestamp": "2025-05-10T20:23:07.989059",
      "sentiment": "neutral"
    },
    {
      "topic": "court decision cryptocurrency",
      "title": "Appeals Court Reverses the SEC's Rejection of ...",
      "url": "https://www.winston.com/en/blogs-and-podcasts/non-fungible-insights-blockchain-decrypted/appeals-court-reverses-the-secs-rejection-of-grayscales-spot-bitcoin-etf-proposal",
      "snippet": "The three-judge panel unanimously concluded that the Commission failed to provide a \u201ccoherent explanation\u201d as to why it approved bitcoin futures ETFs, but not ...",
      "source": "serpapi",
      "timestamp": "2025-05-10T20:23:07.989156",
      "sentiment": "neutral"
    },
    {
      "topic": "court decision cryptocurrency",
      "title": "Crypto's court docket in 2025 is packed with big cases",
      "url": "https://www.dlnews.com/articles/regulation/crypto-court-docket-in-2025-is-packed-with-big-cases/",
      "snippet": "Some of the most important court cases facing crypto developers and companies have come from other agencies such as the US Justice Department.",
      "source": "serpapi",
      "timestamp": "2025-05-10T20:23:07.989250",
      "sentiment": "positive"
    },
    {
      "topic": "court decision cryptocurrency",
      "title": "The SEC May Signal New Crypto Enforcement Approach In ...",
      "url": "https://omm.com/insights/alerts-publications/the-sec-may-signal-new-crypto-enforcement-approach-in-upcoming-court-filing/",
      "snippet": "The district court in SEC v. Coinbase found that the digital asset industry did not have the required significance. ... But Coinbase has appealed ...",
      "source": "serpapi",
      "timestamp": "2025-05-10T20:23:07.989346",
      "sentiment": "neutral"
    },
    {
      "topic": "gold price",
      "title": "Gold Price Charts & Historical Data - GoldPrice.org",
      "url": "https://goldprice.org/",
      "snippet": "GOLDPRICE.ORG - The No. 1 gold price site for fast loading live gold price charts in ounces, grams and kilos in every national currency in the world.",
      "source": "serpapi",
      "timestamp": "2025-05-10T20:23:08.648737",
      "sentiment": "neutral"
    },
    {
      "topic": "gold price",
      "title": "Price of Gold Per Ounce | 24 Hour Spot Chart",
      "url": "https://www.kitco.com/charts/gold",
      "snippet": "Live Gold Charts and Gold Spot Price from International Gold Markets, Prices from New York, London, Hong Kong and Sydney provided by Kitco.",
      "source": "serpapi",
      "timestamp": "2025-05-10T20:23:08.648878",
      "sentiment": "neutral"
    },
    {
      "topic": "gold price",
      "title": "Why Everyone's Rushing Into Gold, Is It Too Late? Gold Price ...",
      "url": "https://www.youtube.com/watch?v=wkKLDA_WtsM",
      "snippet": "Chris Vermeulen has been flip-flopping in his market predictions. Just last week, he claimed the S&P 500 would rise to 5,700 before crashing ...",
      "source": "serpapi",
      "timestamp": "2025-05-10T20:23:08.648979",
      "sentiment": "neutral"
    },
    {
      "topic": "gold price",
      "title": "Live Gold Spot Price Chart",
      "url": "https://www.bullionvault.com/gold-price-chart.do",
      "snippet": "Currently, the US dollar spot price for 1 ounce of gold is $3,324.68 and in Canadian dollars C$4,633.02. However, it's possible to track the real-time changing ...",
      "source": "serpapi",
      "timestamp": "2025-05-10T20:23:08.649074",
      "sentiment": "neutral"
    },
    {
      "topic": "gold price",
      "title": "Gold Price Chart. Spot and Physical ...",
      "url": "https://www.veracash.com/gold-price-and-chart",
      "snippet": "Today, the spot price for a gram of gold is \u20ac95.03 and US$106.97. The price per gram of GoldPremium gold is \u20ac99.02 and US$111.46 ...",
      "source": "serpapi",
      "timestamp": "2025-05-10T20:23:08.649170",
      "sentiment": "neutral"
    },
    {
      "topic": "central bank gold reserve",
      "title": "Central Banks Gold Reserves by Country",
      "url": "https://www.gold.org/goldhub/data/gold-reserves-by-country",
      "snippet": "Gold is an important component of central bank reserves because of its safety, liquidity and return characteristics \u2013 the three key ...",
      "source": "serpapi",
      "timestamp": "2025-05-10T20:23:09.270184",
      "sentiment": "positive"
    },
    {
      "topic": "central bank gold reserve",
      "title": "Gold reserve",
      "url": "https://en.wikipedia.org/wiki/Gold_reserve",
      "snippet": "A gold reserve is the gold held by a national central bank, intended mainly as a guarantee to redeem promises to pay depositors, note holders",
      "source": "serpapi",
      "timestamp": "2025-05-10T20:23:09.270342",
      "sentiment": "neutral"
    },
    {
      "topic": "central bank gold reserve",
      "title": "Central Banks - Gold Demand Trends: Q1 2025",
      "url": "https://www.gold.org/goldhub/research/gold-demand-trends/gold-demand-trends-q1-2025/central-banks",
      "snippet": "Central banks' bullion bonanza continues in 2025. Central banks' net purchases totalled 244t in Q1; The National Bank of Poland accelerated its ...",
      "source": "serpapi",
      "timestamp": "2025-05-10T20:23:09.270445",
      "sentiment": "neutral"
    },
    {
      "topic": "central bank gold reserve",
      "title": "Top 10 Central Bank Gold Reserves | INN",
      "url": "https://investingnews.com/daily/resource-investing/precious-metals-investing/gold-investing/top-central-bank-gold-holdings/",
      "snippet": "Top 10 Central Bank Gold Reserves \u00b7 1. United States \u00b7 2. Germany \u00b7 3. Italy \u00b7 4. France \u00b7 5. Russia \u00b7 6. China \u00b7 7. Switzerland \u00b7 8. India.",
      "source": "serpapi",
      "timestamp": "2025-05-10T20:23:09.270546",
      "sentiment": "positive"
    },
    {
      "topic": "central bank gold reserve",
      "title": "Big jump in gold reserves! Not just India's RBI, central ...",
      "url": "https://timesofindia.indiatimes.com/business/india-business/big-jump-in-gold-reserves-not-just-indias-rbi-central-banks-around-the-world-are-stocking-up-on-gold-heres-why/articleshow/121049340.cms",
      "snippet": "Globally, central banks' collective gold holdings grew from 26,000 tonnes to 32,000 tonnes during the 15-year period ending 2024, showing a ...",
      "source": "serpapi",
      "timestamp": "2025-05-10T20:23:09.270647",
      "sentiment": "neutral"
    },
    {
      "topic": "central bank gold reserve",
      "title": "Top 10 Central Bank Gold Reserves",
      "url": "https://www.nasdaq.com/articles/top-10-central-bank-gold-reserves",
      "snippet": "Global central banks own about 17 percent of all the gold ever mined, with reserves topping 37,755 metric tons (MT) at the end of 2024.",
      "source": "serpapi",
      "timestamp": "2025-05-10T20:23:09.270752",
      "sentiment": "neutral"
    },
    {
      "topic": "central bank gold reserve",
      "title": "Central Banks Continued Stockpiling Gold in Q1",
      "url": "https://www.advisorperspectives.com/commentaries/2025/05/09/central-banks-stockpiling-gold-q1",
      "snippet": "To put that into perspective, central bank gold reserves increased by an average of just 473 tonnes annually between 2010 and 2021. It's ...",
      "source": "serpapi",
      "timestamp": "2025-05-10T20:23:09.271077",
      "sentiment": "neutral"
    },
    {
      "topic": "trade tariffs",
      "title": "U.S. and China begin talks amid tensions over Trump's ...",
      "url": "https://www.npr.org/2025/05/10/nx-s1-5394399/u-s-and-china-begin-talks-amid-tensions-over-trumps-tariff-war",
      "snippet": "Ahead of trade talks, Trump says an 80% tariff on China 'seems right' ... China says it's considering trade talks with U.S., but demands canceled ...",
      "source": "serpapi",
      "timestamp": "2025-05-10T20:23:09.861497",
      "sentiment": "neutral"
    },
    {
      "topic": "trade tariffs",
      "title": "Trump says 80% tariff on China \"seems right\" ahead of ...",
      "url": "https://www.cbsnews.com/news/trump-tariffs-china-trade-negotiations/",
      "snippet": "President Trump signaled Friday that the U.S. may be open to lowering tariffs on China. \"80% Tariff on China seems right!",
      "source": "serpapi",
      "timestamp": "2025-05-10T20:23:09.861647",
      "sentiment": "neutral"
    },
    {
      "topic": "trade tariffs",
      "title": "Regulating Imports with a Reciprocal Tariff to Rectify Trade ...",
      "url": "https://www.whitehouse.gov/presidential-actions/2025/04/regulating-imports-with-a-reciprocal-tariff-to-rectify-trade-practices-that-contribute-to-large-and-persistent-annual-united-states-goods-trade-deficits/",
      "snippet": "For example, the United States imposes a 2.5 percent tariff on passenger vehicle imports (with internal combustion engines), while the European ...",
      "source": "serpapi",
      "timestamp": "2025-05-10T20:23:09.861731",
      "sentiment": "neutral"
    },
    {
      "topic": "trade tariffs",
      "title": "What tariffs has Trump announced and why?",
      "url": "https://www.bbc.com/news/articles/cn93e12rypgo",
      "snippet": "Tariffs are taxes charged on goods bought from other countries. Typically, they are a percentage of a product's value. A10% tariff means a $10 product would ...",
      "source": "serpapi",
      "timestamp": "2025-05-10T20:23:09.861854",
      "sentiment": "neutral"
    },
    {
      "topic": "trade tariffs",
      "title": "U.S.-China Trade Talks Begin; Bessent, Top Chinese ...",
      "url": "https://www.investors.com/news/u-s-china-trade-talks-bessent-chinese-officials-de-escalate-trump-tariff-war/",
      "snippet": "Various reports late last week suggested the U.S. might cut China tariffs from to 50%-60%, but President Donald Trump posted Friday that 80% \" ...",
      "source": "serpapi",
      "timestamp": "2025-05-10T20:23:09.861949",
      "sentiment": "neutral"
    },
    {
      "topic": "trade tariffs",
      "title": "Presidential Tariff Actions",
      "url": "https://ustr.gov/issue-areas/presidential-tariff-actions",
      "snippet": "Executive Order: Amendment to Reciprocal Tariffs and Updated Duties as Applied to Low-Value Imports from the People's Republic of China. Executive Order: ...",
      "source": "serpapi",
      "timestamp": "2025-05-10T20:23:09.862031",
      "sentiment": "neutral"
    },
    {
      "topic": "trade tariffs",
      "title": "Chinese exports plunge as U.S. retailers cancel orders ...",
      "url": "https://www.cbsnews.com/news/us-tariffs-chinese-exports-plunge/",
      "snippet": "President Trump ratcheted up his trade war with Beijing in April, hiking tariffs on Chinese goods to up to 145%. China retaliated with 125% ...",
      "source": "serpapi",
      "timestamp": "2025-05-10T20:23:09.862108",
      "sentiment": "neutral"
    },
    {
      "topic": "trade tariffs",
      "title": "China, US hold talks on tariffs in first bid to de-escalate ...",
      "url": "https://www.aljazeera.com/news/2025/5/10/us-and-chinese-officials-hold-geneva-talks-to-de-escalate-trade-war",
      "snippet": "Experts believe China may be looking for the same 90-day waiver as well as a reduction of the 145 percent tariff \u2013 Trump suggested that it ...",
      "source": "serpapi",
      "timestamp": "2025-05-10T20:23:09.862187",
      "sentiment": "neutral"
    },
    {
      "topic": "economic sanctions",
      "title": "Economic sanctions",
      "url": "https://en.wikipedia.org/wiki/Economic_sanctions",
      "snippet": "Economic sanctions or embargoes are commercial and financial penalties applied by states or institutions against states, groups, or individuals.",
      "source": "serpapi",
      "timestamp": "2025-05-10T20:23:10.454231",
      "sentiment": "neutral"
    },
    {
      "topic": "economic sanctions",
      "title": "What Are Economic Sanctions?",
      "url": "https://www.cfr.org/backgrounder/what-are-economic-sanctions",
      "snippet": "Economic sanctions are defined as the withdrawal of customary trade and financial relations for foreign- and security-policy purposes.",
      "source": "serpapi",
      "timestamp": "2025-05-10T20:23:10.454409",
      "sentiment": "neutral"
    },
    {
      "topic": "economic sanctions",
      "title": "Sanctions Programs and Country Information",
      "url": "https://ofac.treasury.gov/sanctions-programs-and-country-information",
      "snippet": "The sanctions can be either comprehensive or selective, using the blocking of assets and trade restrictions to accomplish foreign policy and national security ...",
      "source": "serpapi",
      "timestamp": "2025-05-10T20:23:10.454519",
      "sentiment": "neutral"
    },
    {
      "topic": "economic sanctions",
      "title": "Economic Sanctions: An Overview",
      "url": "https://www.usitc.gov/sites/default/files/publications/332/executive_briefings/ebot_economic_sanctions_overview.pdf",
      "snippet": "Definition. Economic sanctions (hereunder, \u201csanctions\u201d) are often defined as \u201c...the deliberate, government- inspired withdrawal, or threat of withdrawal, ...",
      "source": "serpapi",
      "timestamp": "2025-05-10T20:23:10.454617",
      "sentiment": "neutral"
    },
    {
      "topic": "economic sanctions",
      "title": "Economic Sanctions Policy and Implementation",
      "url": "https://www.state.gov/economic-sanctions-policy-and-implementation/",
      "snippet": "The Office of Economic Sanctions Policy and Implementation (TFS/SPI) maintains and enforces sanctions to maximize their economic impact on our targets and ...",
      "source": "serpapi",
      "timestamp": "2025-05-10T20:23:10.454715",
      "sentiment": "neutral"
    },
    {
      "topic": "economic sanctions",
      "title": "US Economic Sanctions: Their Impact on Trade, Jobs, and ...",
      "url": "https://www.piie.com/publications/working-papers/us-economic-sanctions-their-impact-trade-jobs-and-wages",
      "snippet": "The OECD results suggest that extensive sanctions lower exports by 78 percent, while limited to modest sanctions reduce exports by 21 percent to 33 percent.",
      "source": "serpapi",
      "timestamp": "2025-05-10T20:23:10.454889",
      "sentiment": "neutral"
    },
    {
      "topic": "economic sanctions",
      "title": "Economic sanctions on countries are indiscriminate ...",
      "url": "https://pmc.ncbi.nlm.nih.gov/articles/PMC8679062/",
      "snippet": "Economic sanctions are usually applied by governments or the United Nations Security Council (UNSC) to individuals, companies or countries.",
      "source": "serpapi",
      "timestamp": "2025-05-10T20:23:10.454998",
      "sentiment": "neutral"
    },
    {
      "topic": "economic sanctions",
      "title": "Economic sanctions | Definition, History, Criticism, & Facts",
      "url": "https://www.britannica.com/topic/economic-sanctions",
      "snippet": "Economic sanctions are often financial restrictions that make it difficult for the target to conduct business or to receive or transfer income. Such sanctions ...",
      "source": "serpapi",
      "timestamp": "2025-05-10T20:23:10.455097",
      "sentiment": "neutral"
    }
  ],
  "total_posts_analyzed": 71
}