{
  "timestamp": "2025-04-19T02:31:37.752094",
  "symbol": "BTC/USDT",
  "average_sentiment_score": 0.0,
  "fear_greed_index": [
    {
      "value": 32,
      "classification": "Fear",
      "timestamp_unix": 1745020800,
      "datetime": "2025-04-19T00:00:00"
    }
  ],
  "dxy_strength_score": null,
  "macro_news_sentiment": [
    {
      "title": "Victory inn Europe! Pubs to stay open later as part of VE 80 Celebrations",
      "url": "https://www.gov.uk/government/announcements",
      "country": "UK",
      "source": "government",
      "scraped_at": "2025-04-19T02:31:06.072946",
      "sentiment": "neutral"
    },
    {
      "title": "PM call with President Trump of the United States: 18 April 2025",
      "url": "https://www.gov.uk/government/announcements",
      "country": "UK",
      "source": "government",
      "scraped_at": "2025-04-19T02:31:06.073001",
      "sentiment": "neutral"
    },
    {
      "title": "Homes fit for heroes: Raft of news measures to improve military family housing",
      "url": "https://www.gov.uk/government/announcements",
      "country": "UK",
      "source": "government",
      "scraped_at": "2025-04-19T02:31:06.073017",
      "sentiment": "positive"
    },
    {
      "title": "Senior Traffic Commissioner launches consultation to review approach in determining a driver\u2019s suitability",
      "url": "https://www.gov.uk/government/announcements",
      "country": "UK",
      "source": "government",
      "scraped_at": "2025-04-19T02:31:06.073032",
      "sentiment": "neutral"
    },
    {
      "title": "The UK is deeply concerned by the destabilising activities of Libyan security actors and armed groups: UK statement at the UN Security Council",
      "url": "https://www.gov.uk/government/announcements",
      "country": "UK",
      "source": "government",
      "scraped_at": "2025-04-19T02:31:06.073046",
      "sentiment": "neutral"
    },
    {
      "title": "Man who stabbed two strangers has sentence more than doubled after intervention by the Solicitor General",
      "url": "https://www.gov.uk/government/announcements",
      "country": "UK",
      "source": "government",
      "scraped_at": "2025-04-19T02:31:06.073060",
      "sentiment": "negative"
    },
    {
      "title": "Dangerous driver who killed passenger has sentence increased following intervention by Solicitor General",
      "url": "https://www.gov.uk/government/announcements",
      "country": "UK",
      "source": "government",
      "scraped_at": "2025-04-19T02:31:06.073075",
      "sentiment": "negative"
    },
    {
      "title": "Site checks after suspension notice served",
      "url": "https://www.gov.uk/government/announcements",
      "country": "UK",
      "source": "government",
      "scraped_at": "2025-04-19T02:31:06.073089",
      "sentiment": "neutral"
    },
    {
      "title": "Flu and COVID-19 surveillance reports bulletin 2025",
      "url": "https://www.gov.uk/government/announcements",
      "country": "UK",
      "source": "government",
      "scraped_at": "2025-04-19T02:31:06.073102",
      "sentiment": "neutral"
    },
    {
      "title": "Patients urged to check packs of blood pressure medicine lercanidipine after labelling error",
      "url": "https://www.gov.uk/government/announcements",
      "country": "UK",
      "source": "government",
      "scraped_at": "2025-04-19T02:31:06.073116",
      "sentiment": "neutral"
    },
    {
      "topic": "global economy",
      "title": "Global economy, world economy | TheGlobalEconomy.com",
      "url": "https://www.theglobaleconomy.com/",
      "snippet": "Information on the global economy with data on over 400 indicators, updated regularly, for over 200 countries as well as interactive tools, articles, ...",
      "source": "serpapi",
      "timestamp": "2025-04-19T02:31:06.893780",
      "sentiment": "neutral"
    },
    {
      "topic": "global economy",
      "title": "Global Economy",
      "url": "https://www.ft.com/global-economy",
      "snippet": "News and top stories on the state of the global economy. The latest economic data, reports and updates from countries around the world, on jobs, trade, ...",
      "source": "serpapi",
      "timestamp": "2025-04-19T02:31:06.893877",
      "sentiment": "positive"
    },
    {
      "topic": "global economy",
      "title": "World economy",
      "url": "https://en.wikipedia.org/wiki/World_economy",
      "snippet": "The world economy or global economy is the economy of all humans in the world, referring to the global economic system.",
      "source": "serpapi",
      "timestamp": "2025-04-19T02:31:06.893922",
      "sentiment": "neutral"
    },
    {
      "topic": "global economy",
      "title": "Global Economic Prospects",
      "url": "https://www.worldbank.org/en/publication/global-economic-prospects",
      "snippet": "Global growth is expected to hold steady at 2.7 percent in 2025-26. However, the global economy appears to be settling at a low growth rate.",
      "source": "serpapi",
      "timestamp": "2025-04-19T02:31:06.893957",
      "sentiment": "neutral"
    },
    {
      "topic": "global economy",
      "title": "The World Economic Forum",
      "url": "https://www.weforum.org/",
      "snippet": "Our mission: We bring together government, businesses and civil society to improve the state of the world.",
      "source": "serpapi",
      "timestamp": "2025-04-19T02:31:06.893999",
      "sentiment": "neutral"
    },
    {
      "topic": "global economy",
      "title": "World Economic Outlook - All Issues",
      "url": "https://www.imf.org/en/Publications/WEO",
      "snippet": "Description: The January 2023 World Economic Outlook Update projects that global growth will fall to 2.9 percent in 2023 but rise to 3.1 percent in 2024. The ...",
      "source": "serpapi",
      "timestamp": "2025-04-19T02:31:06.894034",
      "sentiment": "neutral"
    },
    {
      "topic": "global economy",
      "title": "How does the global economy work?",
      "url": "https://www.edology.com/blog/accounting-finance/how-does-global-economy-work/",
      "snippet": "The global economy refers to the interconnected worldwide economic activities that take place between multiple countries. These economic activities can have ...",
      "source": "serpapi",
      "timestamp": "2025-04-19T02:31:06.894115",
      "sentiment": "neutral"
    },
    {
      "topic": "global economy",
      "title": "THE GLOBAL ECONOMY | English meaning",
      "url": "https://dictionary.cambridge.org/dictionary/english/global-economy",
      "snippet": "THE GLOBAL ECONOMY definition: the system of industry and trade around the world that has developed as the result of globalization\u2026. Learn more.",
      "source": "serpapi",
      "timestamp": "2025-04-19T02:31:06.894167",
      "sentiment": "neutral"
    },
    {
      "topic": "geopolitical tensions",
      "title": "Top Geopolitical Risks of 2025",
      "url": "https://www.spglobal.com/en/research-insights/market-insights/geopolitical-risk",
      "snippet": "The world is changing. Geopolitical fragmentation is being fueled by COVID-19, the war in Ukraine, U.S.-China relations and more.",
      "source": "serpapi",
      "timestamp": "2025-04-19T02:31:08.484207",
      "sentiment": "negative"
    },
    {
      "topic": "geopolitical tensions",
      "title": "How are geopolitical risks affecting the world economy?",
      "url": "https://www.economicsobservatory.com/how-are-geopolitical-risks-affecting-the-world-economy",
      "snippet": "Geopolitical risks posed by elections, polarisation and conflicts within and between states have inevitable knock-on effects on the economy, both globally and ...",
      "source": "serpapi",
      "timestamp": "2025-04-19T02:31:08.484298",
      "sentiment": "neutral"
    },
    {
      "topic": "geopolitical tensions",
      "title": "How Geopolitical Risks Influence the Global Community",
      "url": "https://geopoliticalfutures.com/risk/",
      "snippet": "Geopolitical risks are defined as the potential political, economic, military, and social risks that can emerge from a nation's involvement in international ...",
      "source": "serpapi",
      "timestamp": "2025-04-19T02:31:08.484342",
      "sentiment": "neutral"
    },
    {
      "topic": "geopolitical tensions",
      "title": "Geopolitical Risk Dashboard | BlackRock Investment Institute",
      "url": "https://www.blackrock.com/corporate/insights/blackrock-investment-institute/interactive-charts/geopolitical-risk-dashboard",
      "snippet": "Tensions escalate meaningfully over Taiwan or in the South China Sea. High, U.S.-China military tensions are poised to escalate, in our view.",
      "source": "serpapi",
      "timestamp": "2025-04-19T02:31:08.484377",
      "sentiment": "negative"
    },
    {
      "topic": "geopolitical tensions",
      "title": "Geopolitical tensions - (AP World History",
      "url": "https://library.fiveable.me/key-terms/ap-world/geopolitical-tensions",
      "snippet": "Geopolitical tensions refer to conflicts and rivalries between nations or regions that arise from their geographical, political, and economic interests.",
      "source": "serpapi",
      "timestamp": "2025-04-19T02:31:08.484419",
      "sentiment": "neutral"
    },
    {
      "topic": "geopolitical tensions",
      "title": "Beyond borders: Assessing the influence of Geopolitical ...",
      "url": "https://www.sciencedirect.com/science/article/pii/S0176268024000521",
      "snippet": "We find that geopolitical tensions and global uncertainty in border countries contribute to the rise of European country's sovereign risk.",
      "source": "serpapi",
      "timestamp": "2025-04-19T02:31:08.484454",
      "sentiment": "neutral"
    },
    {
      "topic": "geopolitical tensions",
      "title": "Geopolitical conflict and its impact on global markets",
      "url": "https://www.usbank.com/investing/financial-perspectives/market-news/russia-ukraine-global-market.html",
      "snippet": "Increasing global tensions tied to trade tensions and ongoing geopolitical conflicts contributed to investor uncertainty about near-term ...",
      "source": "serpapi",
      "timestamp": "2025-04-19T02:31:08.484496",
      "sentiment": "neutral"
    },
    {
      "topic": "geopolitical tensions",
      "title": "Growing geopolitical tensions underscore the need for ...",
      "url": "https://www.iea.org/commentaries/growing-geopolitical-tensions-underscore-the-need-for-stronger-action-on-critical-minerals-security",
      "snippet": "Rising geopolitical tensions are posing growing risks to critical mineral supplies. A wide range of export control measures on critical minerals ...",
      "source": "serpapi",
      "timestamp": "2025-04-19T02:31:08.484530",
      "sentiment": "neutral"
    },
    {
      "topic": "geopolitical tensions",
      "title": "Geopolitical Monitor",
      "url": "https://www.geopoliticalmonitor.com/",
      "snippet": "This week we cover the prospect of Beijing backing down in the US-China trade war; Brazil's tariff preparations; trouble in the Armenia-Azerbaijan peace process ...",
      "source": "serpapi",
      "timestamp": "2025-04-19T02:31:08.484561",
      "sentiment": "negative"
    },
    {
      "topic": "geopolitical tensions",
      "title": "Top geopolitical risks 2025",
      "url": "https://kpmg.com/xx/en/our-insights/risk-and-regulation/top-risks-forecast-2025.html",
      "snippet": "Geopolitical rivalries, trade protectionism, conflict, competition for resources, cyberattacks and climate events place severe strains on ...",
      "source": "serpapi",
      "timestamp": "2025-04-19T02:31:08.484605",
      "sentiment": "neutral"
    },
    {
      "topic": "crypto adoption",
      "title": "2024 Global Crypto Adoption Index",
      "url": "https://www.chainalysis.com/blog/2024-global-crypto-adoption-index/",
      "snippet": "In each year's report, we look at both on- and off-chain data to determine which countries are leading the world in grassroots crypto adoption.",
      "source": "serpapi",
      "timestamp": "2025-04-19T02:31:08.993574",
      "sentiment": "neutral"
    },
    {
      "topic": "crypto adoption",
      "title": "2025 Cryptocurrency Adoption and Consumer Sentiment ...",
      "url": "https://www.security.org/digital-security/cryptocurrency-annual-consumer-report/",
      "snippet": "We conducted our annual cryptocurrency study to see what Americans think about cryptocurrency adoption, regulation, and security at the start of 2025.",
      "source": "serpapi",
      "timestamp": "2025-04-19T02:31:08.993657",
      "sentiment": "neutral"
    },
    {
      "topic": "crypto adoption",
      "title": "2024 Crypto Adoption and Illicit Exposure Report",
      "url": "https://www.trmlabs.com/resources/reports/2024-crypto-adoption-and-illicit-activity-report",
      "snippet": "The 2024 Crypto Adoption and Illicit Exposure Report report examines the shifts and trends shaping cryptocurrency adoption around the world.",
      "source": "serpapi",
      "timestamp": "2025-04-19T02:31:08.993691",
      "sentiment": "neutral"
    },
    {
      "topic": "crypto adoption",
      "title": "The 2023 Global Crypto Adoption Index",
      "url": "https://www.chainalysis.com/blog/2023-global-crypto-adoption-index/",
      "snippet": "The goal of the index is simple: We combine on-chain data and real-world data to measure which countries are leading the world in grassroots crypto adoption.",
      "source": "serpapi",
      "timestamp": "2025-04-19T02:31:08.993723",
      "sentiment": "neutral"
    },
    {
      "topic": "crypto adoption",
      "title": "Crypto Adoption Index | Crypto Wealth Report",
      "url": "https://www.henleyglobal.com/publications/crypto-wealth-report/crypto-adoption-index",
      "snippet": "The Crypto Adoption Index assesses investment migration options for crypto investors who want to craft a portfolio of alternative residence permits and ...",
      "source": "serpapi",
      "timestamp": "2025-04-19T02:31:08.993755",
      "sentiment": "neutral"
    },
    {
      "topic": "crypto adoption",
      "title": "Cryptocurrency Ownership Data - Triple-A",
      "url": "https://www.triple-a.io/cryptocurrency-ownership-data/cryptocurrency-ownership-data",
      "snippet": "As of 2024, we estimated global cryptocurrency ownership rates at an average of 6.8%, with over 560 million cryptocurrencies users worldwide.",
      "source": "serpapi",
      "timestamp": "2025-04-19T02:31:08.993787",
      "sentiment": "neutral"
    },
    {
      "topic": "crypto adoption",
      "title": "Economic freedom or crypto-colonialism? Materialities of ...",
      "url": "https://www.sciencedirect.com/science/article/abs/pii/S0016718524000411",
      "snippet": "On September 7th, 2021, El Salvador became the first nation in the world to adopt Bitcoin as legal tender, opening up its rapidly developing coast to a new form ...",
      "source": "serpapi",
      "timestamp": "2025-04-19T02:31:08.993818",
      "sentiment": "positive"
    },
    {
      "topic": "crypto ban",
      "title": "Legality of cryptocurrency by country or territory",
      "url": "https://en.wikipedia.org/wiki/Legality_of_cryptocurrency_by_country_or_territory",
      "snippet": "Afghanistan. Illegal. In August 2022 Taliban banned trading in cryptocurrencies. ; Kyrgyzstan. Legal. Bitcoin is considered a commodity, not a security or ...",
      "source": "serpapi",
      "timestamp": "2025-04-19T02:31:12.052681",
      "sentiment": "negative"
    },
    {
      "topic": "crypto ban",
      "title": "10 Countries Where Crypto Remains Banned in 2025",
      "url": "https://www.ccn.com/education/crypto/10-countries-where-crypto-remains-banned/",
      "snippet": "10 Countries Where Crypto Remains Banned in 2025 \u00b7 1. China \u00b7 2. Egypt \u00b7 3. Algeria \u00b7 4. Bangladesh \u00b7 5. Nepal \u00b7 6. Afghanistan \u00b7 7. Morocco \u00b7 8 ...",
      "source": "serpapi",
      "timestamp": "2025-04-19T02:31:12.052756",
      "sentiment": "neutral"
    },
    {
      "topic": "crypto ban",
      "title": "Crypto Tracing, China's Crypto Ban, and Potential Global ...",
      "url": "https://www.thinkbrg.com/thinkset/ts-crypto-tracing-china-crypto-ban-global-regulation/",
      "snippet": "China has taken a particularly tough stance, banning cryptocurrency exchanges and ICOs in 2017. However, some reports suggest that the country is now exploring ...",
      "source": "serpapi",
      "timestamp": "2025-04-19T02:31:12.052789",
      "sentiment": "negative"
    },
    {
      "topic": "crypto ban",
      "title": "Proposed US Blockchain Integrity Act would ban crypto mixers ...",
      "url": "http://foster.house.gov/media/in-the-news/cointelegraph-proposed-us-blockchain-integrity-act-would-ban-crypto-mixers-2",
      "snippet": "The bill would temporarily prohibit financial institutions, including cryptocurrency exchanges, virtual asset service providers and any other ...",
      "source": "serpapi",
      "timestamp": "2025-04-19T02:31:12.052821",
      "sentiment": "neutral"
    },
    {
      "topic": "crypto ban",
      "title": "Banano price today, BAN to USD live price, marketcap ...",
      "url": "https://coinmarketcap.com/currencies/banano/",
      "snippet": "The live Banano price today is $0.001286 USD with a 24-hour trading volume of $2533.65 USD. We update our BAN to USD price in real-time.",
      "source": "serpapi",
      "timestamp": "2025-04-19T02:31:12.052851",
      "sentiment": "negative"
    },
    {
      "topic": "crypto ban",
      "title": "Crypto Ban",
      "url": "https://www.coindesk.com/tag/crypto-ban",
      "snippet": "Russia's central bank said in a report released Thursday the country must make crypto trading, mining, and usage illegal. CoinDesk reporter Anna Baydakova ...",
      "source": "serpapi",
      "timestamp": "2025-04-19T02:31:12.052882",
      "sentiment": "negative"
    },
    {
      "topic": "crypto ban",
      "title": "Donald Trump fulfills promise to crypto community, bans ...",
      "url": "https://indianexpress.com/article/technology/donald-trump-cbdc-ban-cryptocurrencies-stablecoins-9796358/",
      "snippet": "US President Donald Trump has signed an executive order banning the creation and issuance of Central Bank Digital Currency (CBDC) in the US.",
      "source": "serpapi",
      "timestamp": "2025-04-19T02:31:12.052913",
      "sentiment": "neutral"
    },
    {
      "topic": "crypto ban",
      "title": "Why China had to \u201cBan\u201d Cryptocurrency but the U.S. did not",
      "url": "https://openscholarship.wustl.edu/law_globalstudies/vol18/iss2/9/",
      "snippet": "While China explicitly banned any exchange or financing activities between fiat money and \u201ccoin substitution\u201d in 2017, the US has placed cryptocurrencies ...",
      "source": "serpapi",
      "timestamp": "2025-04-19T02:31:12.052943",
      "sentiment": "neutral"
    },
    {
      "topic": "crypto regulation",
      "title": "Cryptocurrency Regulation: A Guide to U.S. & Global Policies",
      "url": "https://www.britannica.com/money/cryptocurrency-regulation",
      "snippet": "Regulations for crypto are the legal and procedural frameworks that governments enact to shape many different aspects of digital assets.",
      "source": "serpapi",
      "timestamp": "2025-04-19T02:31:12.600011",
      "sentiment": "positive"
    },
    {
      "topic": "crypto regulation",
      "title": "Regulating crypto: Why, how, and who | ...",
      "url": "https://www.brookings.edu/collection/regulating-crypto-why-how-and-who/",
      "snippet": "Allen cautioned against bringing crypto into the regulatory system for fear of giving investors false guarantees around the quality of these assets and markets.",
      "source": "serpapi",
      "timestamp": "2025-04-19T02:31:12.600088",
      "sentiment": "neutral"
    },
    {
      "topic": "crypto regulation",
      "title": "Recent Developments Raise Significant Questions about ...",
      "url": "https://www.moneylaunderingnews.com/2025/03/recent-developments-raise-significant-questions-about-the-future-of-regulation-and-enforcement-of-cryptocurrency/",
      "snippet": "Clearing Agencies and Transfer Agents: The Task Force hopes to improve the intersection of crypto, clearing agency and transfer rules.",
      "source": "serpapi",
      "timestamp": "2025-04-19T02:31:12.600123",
      "sentiment": "neutral"
    },
    {
      "topic": "crypto regulation",
      "title": "Crypto: Regulation",
      "url": "https://www.bloomberg.com/crypto/regulation",
      "snippet": "Crypto \u00b7 Decentralized Finance \u00b7 NFTs \u00b7 Technology \u00b7 Crypto Exchange Kraken Ends US Staking Program in SEC Deal Tiffany Hagler-Geard/Bloomberg.",
      "source": "serpapi",
      "timestamp": "2025-04-19T02:31:12.600154",
      "sentiment": "neutral"
    },
    {
      "topic": "crypto regulation",
      "title": "How are Cryptocurrencies Regulated in the U.S. and the EU?",
      "url": "https://www.dowjones.com/professional/risk/glossary/cryptocurrency/us-eu-regulation/",
      "snippet": "Many countries are starting to collect taxes on capital gains and crack down on financial crimes in the cryptocurrency space.",
      "source": "serpapi",
      "timestamp": "2025-04-19T02:31:12.600186",
      "sentiment": "neutral"
    },
    {
      "topic": "court decision cryptocurrency",
      "title": "Crypto in the Courts: Five Cases Reshaping Digital Asset ...",
      "url": "https://katten.com/crypto-in-the-courts-five-cases-reshaping-digital-asset-regulation-in-2025",
      "snippet": "This article examines five cases that may define the future of digital asset regulation in the United States and sets out the issues at stake in those cases.",
      "source": "serpapi",
      "timestamp": "2025-04-19T02:31:22.358825",
      "sentiment": "neutral"
    },
    {
      "topic": "court decision cryptocurrency",
      "title": "Supreme Court turns down plea for cryptocurrency ...",
      "url": "https://m.economictimes.com/markets/cryptocurrency/supreme-court-turns-down-plea-for-cryptocurrency-regulations/articleshow/120338670.cms",
      "snippet": "The Supreme Court on Wednesday refused to examine a plea seeking a regulatory framework on cryptocurrencies and said it couldn't \"lay down ...",
      "source": "serpapi",
      "timestamp": "2025-04-19T02:31:22.358902",
      "sentiment": "negative"
    },
    {
      "topic": "court decision cryptocurrency",
      "title": "Third Circuit Coinbase Decision Pressures SEC on Crypto ...",
      "url": "https://www.ropesgray.com/en/insights/alerts/2025/01/third-circuit-coinbase-decision-pressures-sec-on-crypto-rulemaking",
      "snippet": "Court's Findings \u00b7 The SEC's disagreement with Coinbase on the application of existing securities laws to digital assets was not well-reasoned.",
      "source": "serpapi",
      "timestamp": "2025-04-19T02:31:22.358936",
      "sentiment": "neutral"
    },
    {
      "topic": "court decision cryptocurrency",
      "title": "Court Publishes Decision on Mandatory Arbitration Provisions ...",
      "url": "https://consumerlaw.berkeley.edu/news/court-publishes-decision-mandatory-arbitration-provisions-crypto-industry-and-beyond",
      "snippet": "The opinion establishes a clear blueprint for how to successfully bring claims against abusive cryptocurrency companies for violating consumer ...",
      "source": "serpapi",
      "timestamp": "2025-04-19T02:31:22.358968",
      "sentiment": "negative"
    },
    {
      "topic": "court decision cryptocurrency",
      "title": "Cryptocurrency, Sweepstakes, and the Supreme Court",
      "url": "https://www.consumerfinancialserviceslawmonitor.com/2024/05/cryptocurrency-sweepstakes-and-the-supreme-court-a-tale-of-two-contracts/",
      "snippet": "The decision teaches a cautionary lesson that parties with multiple contracts between them must keep issues of arbitrability consistent between the contracts.",
      "source": "serpapi",
      "timestamp": "2025-04-19T02:31:22.359001",
      "sentiment": "positive"
    },
    {
      "topic": "court decision cryptocurrency",
      "title": "Crypto Class Action Certified by Ontario Court of Appeal",
      "url": "https://www.jdsupra.com/legalnews/crypto-class-action-certified-by-1875706/",
      "snippet": "The Decision provides guidance to investors and advisors and identifies some of the legal risks associated with the purchase and sale of crypto ...",
      "source": "serpapi",
      "timestamp": "2025-04-19T02:31:22.359034",
      "sentiment": "negative"
    },
    {
      "topic": "court decision cryptocurrency",
      "title": "The SEC May Signal New Crypto Enforcement Approach In ...",
      "url": "https://omm.com/insights/alerts-publications/the-sec-may-signal-new-crypto-enforcement-approach-in-upcoming-court-filing/",
      "snippet": "The district court in SEC v. Coinbase found that the digital asset industry did not have the required significance. ... But Coinbase has appealed ...",
      "source": "serpapi",
      "timestamp": "2025-04-19T02:31:22.359065",
      "sentiment": "neutral"
    },
    {
      "topic": "court decision cryptocurrency",
      "title": "precedential",
      "url": "https://www2.ca3.uscourts.gov/opinarch/233202p.pdf",
      "snippet": "At a minimum, the SEC claimed that a digital asset is a security, and thus subject to the federal securities laws, if it is an \u201cinvestment ...",
      "source": "serpapi",
      "timestamp": "2025-04-19T02:31:22.359096",
      "sentiment": "neutral"
    },
    {
      "topic": "central bank gold reserve",
      "title": "Central Banks Gold Reserves by Country",
      "url": "https://www.gold.org/goldhub/data/gold-reserves-by-country",
      "snippet": "Gold is an important component of central bank reserves because of its safety, liquidity and return characteristics \u2013 the three key investment ...",
      "source": "serpapi",
      "timestamp": "2025-04-19T02:31:31.506152",
      "sentiment": "positive"
    },
    {
      "topic": "central bank gold reserve",
      "title": "Gold reserve",
      "url": "https://en.wikipedia.org/wiki/Gold_reserve",
      "snippet": "A gold reserve is the gold held by a national central bank, intended mainly as a guarantee to redeem promises to pay depositors, note holders",
      "source": "serpapi",
      "timestamp": "2025-04-19T02:31:31.506231",
      "sentiment": "neutral"
    },
    {
      "topic": "central bank gold reserve",
      "title": "Top 10 Central Bank Gold Reserves | INN",
      "url": "https://investingnews.com/daily/resource-investing/precious-metals-investing/gold-investing/top-central-bank-gold-holdings/",
      "snippet": "Global central banks own about 17 percent of all the gold ever mined, with reserves topping 37,755 metric tons (MT) at the end of 2024. They ...",
      "source": "serpapi",
      "timestamp": "2025-04-19T02:31:31.506266",
      "sentiment": "neutral"
    },
    {
      "topic": "central bank gold reserve",
      "title": "Central banks stay bullish on bullion in January",
      "url": "https://www.gold.org/goldhub/gold-focus/2025/03/central-banks-stay-bullish-bullion-january",
      "snippet": "The Central Bank of Uzbekistan reported 8t net purchases in January, with its gold holdings totalling 391t or 82% of its reserves. Sustained ...",
      "source": "serpapi",
      "timestamp": "2025-04-19T02:31:31.506299",
      "sentiment": "neutral"
    },
    {
      "topic": "central bank gold reserve",
      "title": "Gold Reserves - Countries - List",
      "url": "https://tradingeconomics.com/country-list/gold-reserves",
      "snippet": "This page displays a table with actual values, consensus figures, forecasts, statistics and historical data charts for - Gold Reserves.",
      "source": "serpapi",
      "timestamp": "2025-04-19T02:31:31.506333",
      "sentiment": "neutral"
    },
    {
      "topic": "central bank gold reserve",
      "title": "Gold Vault - FEDERAL RESERVE BANK of NEW YORK",
      "url": "https://www.newyorkfed.org/aboutthefed/goldvault.html",
      "snippet": "None of the gold stored in the vault belongs to the New York Fed or the Federal Reserve System. The New York Fed acts as the guardian and custodian of the gold ...",
      "source": "serpapi",
      "timestamp": "2025-04-19T02:31:31.506367",
      "sentiment": "neutral"
    },
    {
      "topic": "central bank gold reserve",
      "title": "Total reserves (includes gold, current US$)",
      "url": "https://data.worldbank.org/indicator/FI.RES.TOTL.CD",
      "snippet": "Total reserves minus gold (current US$), Bank liquid reserves to bank assets ratio (%), Bank nonperforming loans to total gross loans (%).",
      "source": "serpapi",
      "timestamp": "2025-04-19T02:31:31.506398",
      "sentiment": "neutral"
    },
    {
      "topic": "trade tariffs",
      "title": "Trump tariffs live updates: US moves to levy Chinese ships ...",
      "url": "https://finance.yahoo.com/news/live/trump-tariffs-live-updates-us-moves-to-levy-chinese-ships-as-trump-softens-rhetoric-191201419.html",
      "snippet": "The tit-for-tat between the world's two largest economies has intensified: China raised its duties on imports of US goods to 125% from 84%, ...",
      "source": "serpapi",
      "timestamp": "2025-04-19T02:31:31.992563",
      "sentiment": "neutral"
    },
    {
      "topic": "trade tariffs",
      "title": "In China's 'Christmas Town,' Trump's tariffs are dimming the ...",
      "url": "https://www.cnn.com/2025/04/18/business/yiwu-china-market-impact-trump-tariffs-intl-hnk-dst/index.html",
      "snippet": "America's overall tariffs on China now exceed a staggering 145%, the highest trade penalties imposed by the US in nearly a century, with Trump' ...",
      "source": "serpapi",
      "timestamp": "2025-04-19T02:31:31.992637",
      "sentiment": "neutral"
    },
    {
      "topic": "trade tariffs",
      "title": "Fact Sheet: President Donald J. Trump Declares National ...",
      "url": "https://www.whitehouse.gov/fact-sheets/2025/04/fact-sheet-president-donald-j-trump-declares-national-emergency-to-increase-our-competitive-edge-protect-our-sovereignty-and-strengthen-our-national-and-economic-security/",
      "snippet": "Monetary tariffs and non-monetary tariffs are two distinct types of trade barriers that governments use to regulate imports and exports. ...",
      "source": "serpapi",
      "timestamp": "2025-04-19T02:31:31.992671",
      "sentiment": "neutral"
    },
    {
      "topic": "trade tariffs",
      "title": "President Trump Announces Then Suspends Reciprocal ...",
      "url": "https://www.wilmerhale.com/en/insights/client-alerts/20250417-president-trump-announces-then-suspends-reciprocal-tariffs-defers-tariffs-on-certain-electronics-and-increases-tariffs-on-china",
      "snippet": "The Trump Administration launched three national security investigations under Section 232 and imposed reciprocal tariffs, with negotiations ...",
      "source": "serpapi",
      "timestamp": "2025-04-19T02:31:31.992704",
      "sentiment": "neutral"
    },
    {
      "topic": "trade tariffs",
      "title": "US tariffs will make global trade shrink, says WTO",
      "url": "https://www.bbc.com/news/articles/cjewdy2zw3go",
      "snippet": "The World Trade Organization (WTO) has forecast that global trade will fall this year because of US President Donald Trump's tariffs.",
      "source": "serpapi",
      "timestamp": "2025-04-19T02:31:31.992735",
      "sentiment": "neutral"
    },
    {
      "topic": "trade tariffs",
      "title": "Trump 2.0 tariff tracker | Trade Compliance ...",
      "url": "https://www.tradecomplianceresourcehub.com/2025/04/18/trump-2-0-tariff-tracker/",
      "snippet": "Mar. 24, 2025: President Trump signed an executive order granting the Secretary of State discretion to impose a 25% tariff on imports of goods ...",
      "source": "serpapi",
      "timestamp": "2025-04-19T02:31:31.992767",
      "sentiment": "neutral"
    },
    {
      "topic": "trade tariffs",
      "title": "Trump tariffs will send global trade into reverse this year ...",
      "url": "https://www.theguardian.com/us-news/2025/apr/16/trump-tariffs-will-send-global-trade-into-reverse-this-year-warns-wto",
      "snippet": "The US has imposed tariffs of 10% on all imports, with much higher rates for China totalling 145%, and on specific sectors including cars and ...",
      "source": "serpapi",
      "timestamp": "2025-04-19T02:31:31.992798",
      "sentiment": "negative"
    },
    {
      "topic": "trade tariffs",
      "title": "Presidential Tariff Actions",
      "url": "https://ustr.gov/issue-areas/presidential-tariff-actions",
      "snippet": "Presidential Tariff Actions \u00b7 2025 Trade Policy Agenda and 2024 Annual Report \u00b7 2025 National Trade Estimate Report on Foreign Trade Barriers. USTR Press ...",
      "source": "serpapi",
      "timestamp": "2025-04-19T02:31:31.992828",
      "sentiment": "neutral"
    },
    {
      "topic": "economic sanctions",
      "title": "What Are Economic Sanctions?",
      "url": "https://www.cfr.org/backgrounder/what-are-economic-sanctions",
      "snippet": "Economic sanctions are defined as the withdrawal of customary trade and financial relations for foreign- and security-policy purposes.",
      "source": "serpapi",
      "timestamp": "2025-04-19T02:31:35.925736",
      "sentiment": "neutral"
    },
    {
      "topic": "economic sanctions",
      "title": "Sanctions Programs and Country Information",
      "url": "https://ofac.treasury.gov/sanctions-programs-and-country-information",
      "snippet": "The sanctions can be either comprehensive or selective, using the blocking of assets and trade restrictions to accomplish foreign policy and national security ...",
      "source": "serpapi",
      "timestamp": "2025-04-19T02:31:35.925818",
      "sentiment": "negative"
    },
    {
      "topic": "economic sanctions",
      "title": "US Economic Sanctions: Their Impact on Trade, Jobs, and ...",
      "url": "https://www.piie.com/publications/working-papers/us-economic-sanctions-their-impact-trade-jobs-and-wages",
      "snippet": "The OECD results suggest that extensive sanctions lower exports by 78 percent, while limited to modest sanctions reduce exports by 21 percent to 33 percent.",
      "source": "serpapi",
      "timestamp": "2025-04-19T02:31:35.925854",
      "sentiment": "neutral"
    },
    {
      "topic": "economic sanctions",
      "title": "Economic Sanctions: An Overview",
      "url": "https://www.usitc.gov/sites/default/files/publications/332/executive_briefings/ebot_economic_sanctions_overview.pdf",
      "snippet": "Definition. Economic sanctions (hereunder, \u201csanctions\u201d) are often defined as \u201c...the deliberate, government- inspired withdrawal, or threat of withdrawal, ...",
      "source": "serpapi",
      "timestamp": "2025-04-19T02:31:35.925890",
      "sentiment": "neutral"
    },
    {
      "topic": "economic sanctions",
      "title": "Evidence on the Costs and Benefits of Economic Sanctions",
      "url": "https://www.piie.com/commentary/testimonies/evidence-costs-and-benefits-economic-sanctions",
      "snippet": "The sanctions are imposed quickly and decisively to maximize impact. The average cost to the target as a percentage of GNP in success cases was 2.4 percent and ...",
      "source": "serpapi",
      "timestamp": "2025-04-19T02:31:35.925923",
      "sentiment": "positive"
    },
    {
      "topic": "economic sanctions",
      "title": "Economic Sanctions Policy and Implementation",
      "url": "https://www.state.gov/economic-sanctions-policy-and-implementation/",
      "snippet": "The Office of Economic Sanctions Policy and Implementation (TFS/SPI) maintains and enforces sanctions to maximize their economic impact on our targets and ...",
      "source": "serpapi",
      "timestamp": "2025-04-19T02:31:35.925956",
      "sentiment": "neutral"
    },
    {
      "topic": "economic sanctions",
      "title": "Economic Sanctions and Restricted Parties | Columbia",
      "url": "https://research.columbia.edu/economic-sanctions-and-restricted-parties",
      "snippet": "Targeted sanctions prohibit transactions with specified industries, entities, or individuals listed on OFAC's Specially Designated Nationals and Blocked Parties ...",
      "source": "serpapi",
      "timestamp": "2025-04-19T02:31:35.925988",
      "sentiment": "positive"
    }
  ],
  "total_posts_analyzed": 70
}